CustomerID,Age,Gender,Membership,Annual_Income_kUSD,Region,Platform,Product_Preference,Visits_per_Month,Time_Spent_per_Visit_min,Pages_Visited_per_Session,Previous_Purchases,Avg_Purchase_Value_USD,Total_Purchase_Value_USD,Days_Since_Last_Purchase,Made_Purchase_Last_Month,Will_Purchase_Next_Month,Next_Month_Spend_USD
1,40,Male,None,40.58,Central,Mobile,Apparel,5,6.0,5,1,,42.43,0,0,0,0.0
2,33,Male,None,53.2,West,Mobile,Apparel,3,9.0,2,0,25.95,0.0,206,0,0,0.0
3,42,Female,None,73.7,West,Mobile,Home & Kitchen,3,13.9,2,0,71.06,13.92,15,0,0,0.0
4,51,Female,None,45.95,East,Mobile,Sports,3,1.0,4,1,35.81,91.43,149,0,0,0.0
5,32,Male,Premium,45.32,East,Mobile,Apparel,11,11.1,7,3,5.0,37.75,6,1,0,0.0
6,32,Female,Basic,68.25,South,Desktop,Home & Kitchen,6,2.7,6,3,35.21,196.75,16,0,0,0.0
7,52,Male,Basic,51.66,North,Mobile,Beauty,5,1.4,4,2,14.95,84.23,16,0,0,0.0
8,43,Female,None,30.99,South,Mobile,Apparel,6,11.9,2,1,16.47,42.63,333,0,0,0.0
9,29,Female,Premium,66.96,East,Desktop,Sports,6,14.2,9,3,48.44,94.02,0,1,0,0.0
10,40,Female,None,48.18,North,Mobile,Home & Kitchen,6,9.8,2,2,55.92,102.85,61,0,0,0.0
11,29,Female,None,37.31,North,Mobile,Home & Kitchen,5,11.7,3,1,28.52,32.1,122,0,0,0.0
12,29,Female,Basic,16.5,South,Mobile,Sports,6,6.1,5,2,23.14,81.11,66,0,0,0.0
13,37,Male,None,66.75,South,Mobile,Apparel,6,6.3,2,2,29.15,90.17,27,1,0,0.0
14,18,Female,None,67.85,South,Mobile,Books,5,16.7,4,2,47.32,103.12,190,0,0,0.0
15,18,Male,Basic,64.63,North,Mobile,Beauty,6,7.0,6,2,22.3,50.62,134,0,0,0.0
16,28,Female,Premium,57.42,South,Mobile,Beauty,11,14.9,4,4,65.19,296.78,34,0,1,37.26
17,23,Female,Basic,50.77,South,Mobile,Books,9,8.0,2,2,15.16,0.0,51,0,0,0.0
18,38,Female,Basic,58.78,North,Desktop,Sports,7,1.0,5,0,38.05,84.78,205,0,0,0.0
19,25,Male,Premium,87.78,South,Mobile,Beauty,5,,10,4,10.1,0.0,242,0,0,0.0
20,19,Female,None,57.23,North,Mobile,Sports,6,5.7,1,2,12.35,97.47,35,1,0,0.0
21,51,Female,None,41.58,West,Mobile,Home & Kitchen,2,12.2,1,0,16.76,0.0,112,1,0,0.0
22,32,Female,None,50.58,South,Mobile,Home & Kitchen,1,11.2,2,0,26.92,50.13,21,0,0,0.0
23,35,Male,None,58.23,South,Mobile,Electronics,4,11.7,4,1,82.43,100.62,27,0,0,0.0
24,19,Male,None,71.4,North,Mobile,Electronics,6,4.1,8,2,80.87,179.04,10,0,0,0.0
25,29,Male,Premium,90.88,South,Mobile,Sports,8,18.5,5,6,69.17,442.73,14,0,1,32.91
26,36,Male,Basic,72.5,South,Mobile,Electronics,1,4.1,4,3,118.44,395.77,64,1,0,0.0
27,22,Female,Basic,55.61,Central,Mobile,Electronics,5,8.9,3,1,69.42,52.98,42,0,0,0.0
28,39,Male,None,76.59,Central,Desktop,Sports,3,8.0,4,0,96.73,51.74,15,0,0,0.0
29,28,Female,Premium,85.28,North,Mobile,Electronics,6,11.3,4,1,85.64,31.42,30,0,0,0.0
30,31,Male,Premium,63.3,West,Desktop,Apparel,4,17.4,6,0,27.37,0.0,28,0,0,0.0
31,28,None,Premium,103.16,South,Desktop,Beauty,8,9.2,9,2,22.22,86.24,262,0,0,0.0
32,55,Female,None,68.56,North,Tablet,Beauty,6,,5,1,,90.42,115,0,1,10.18
33,34,Female,Basic,49.73,West,Desktop,Sports,6,8.1,3,2,5.0,33.04,29,0,0,0.0
34,23,Female,None,37.77,North,Mobile,Home & Kitchen,5,6.4,1,3,5.0,0.0,147,0,0,0.0
35,44,Female,None,58.04,East,Mobile,Home & Kitchen,2,21.5,6,1,48.93,93.77,25,0,0,0.0
36,21,Female,None,54.14,West,Mobile,Sports,2,10.7,7,2,70.01,106.55,66,0,0,0.0
37,37,Male,Basic,62.15,East,Desktop,Home & Kitchen,6,6.4,5,2,59.21,205.99,204,0,0,0.0
38,18,Female,Basic,58.5,Central,Mobile,Beauty,4,3.8,4,2,5.0,5.77,29,0,0,0.0
39,20,Female,None,76.1,Central,Mobile,Books,3,1.0,1,0,5.0,0.0,68,0,0,0.0
40,37,Female,None,69.89,West,Desktop,Home & Kitchen,2,3.9,8,1,,35.23,21,0,0,0.0
41,43,Male,Basic,63.83,South,Mobile,Home & Kitchen,4,8.5,4,0,43.75,2.18,18,1,0,0.0
42,36,Female,None,67.24,North,Mobile,Electronics,3,13.7,1,1,67.21,74.2,51,0,0,0.0
43,33,Male,None,30.81,West,Mobile,Beauty,1,12.5,3,0,39.41,98.48,232,0,0,0.0
44,31,Male,None,55.96,Central,Desktop,Electronics,6,8.9,3,1,91.85,39.93,36,0,0,0.0
45,18,Male,Basic,85.47,South,Desktop,Home & Kitchen,5,6.7,3,1,100.69,102.66,166,0,1,5.06
46,27,Male,None,43.68,Central,Desktop,Sports,5,9.1,3,1,12.45,0.0,147,0,0,0.0
47,29,Female,None,32.94,North,Desktop,Home & Kitchen,3,5.9,3,0,5.0,0.0,17,0,0,0.0
48,46,Female,None,41.56,South,Mobile,Apparel,2,14.9,5,1,22.61,106.81,30,0,0,0.0
49,38,Female,Premium,61.29,North,Desktop,Sports,5,,12,4,50.83,146.5,61,1,0,0.0
50,18,Male,Basic,38.77,East,Mobile,Apparel,7,7.7,3,0,25.9,29.35,43,1,0,0.0
51,38,Male,Basic,52.23,Central,Desktop,Sports,3,1.0,1,3,67.17,221.16,6,0,1,39.06
52,30,Male,None,23.2,South,Mobile,Beauty,5,7.2,3,5,5.0,23.79,304,1,0,0.0
53,27,Female,Basic,55.88,Central,Mobile,Electronics,7,11.3,2,4,88.72,380.85,83,0,1,108.95
54,41,Male,None,68.04,East,Desktop,Books,1,3.7,3,0,5.0,0.0,34,0,0,0.0
55,46,Female,Basic,44.96,East,Mobile,Apparel,6,5.0,1,2,38.7,160.22,57,0,0,0.0
56,45,Female,Premium,110.35,Central,Mobile,Books,6,15.2,9,3,8.16,120.72,5,0,0,0.0
57,25,Male,Basic,64.19,North,Mobile,Electronics,4,2.1,4,0,65.88,2.36,41,0,1,77.07
58,31,Female,Premium,97.35,West,Mobile,Apparel,4,16.2,10,2,34.53,190.22,160,1,0,0.0
59,38,Female,Basic,47.06,South,Mobile,Apparel,3,5.9,3,2,5.0,0.0,136,0,0,0.0
60,45,Female,None,68.38,South,Mobile,Electronics,2,6.4,4,0,88.33,20.02,24,0,0,0.0
61,29,Female,Premium,58.55,East,Mobile,Sports,10,7.5,4,4,26.7,178.39,45,1,0,0.0
62,32,Male,None,65.12,Central,Desktop,Beauty,4,9.5,3,1,36.56,13.61,71,0,0,0.0
63,22,Male,Basic,57.19,East,Mobile,Sports,7,17.8,4,1,53.98,0.0,24,0,0,0.0
64,21,Female,None,55.76,West,Mobile,Apparel,7,11.1,2,1,60.53,0.0,4,0,0,0.0
65,43,Female,None,31.24,West,Mobile,Home & Kitchen,5,4.5,1,0,34.82,103.04,42,0,0,0.0
66,49,Male,None,38.09,South,Mobile,Beauty,8,12.5,5,1,22.6,0.0,55,0,0,0.0
67,34,Female,None,60.45,Central,Mobile,Home & Kitchen,1,,6,0,81.2,0.0,0,0,0,0.0
68,46,Female,Basic,44.23,South,Mobile,Beauty,7,13.5,7,1,5.0,0.0,6,0,0,0.0
69,38,Female,Basic,67.24,North,Tablet,Beauty,4,11.2,2,1,5.0,52.42,13,0,0,0.0
70,27,Male,None,22.99,South,Desktop,Electronics,9,1.0,5,1,33.43,0.0,25,1,1,7.66
71,38,Female,None,66.17,South,Desktop,Sports,1,4.0,5,0,19.19,0.0,46,0,0,0.0
72,51,Female,Basic,40.61,South,Mobile,Sports,0,,7,1,78.32,93.3,20,0,0,0.0
73,34,Male,None,59.64,South,Mobile,Beauty,0,8.6,5,0,48.19,0.0,19,0,0,0.0
74,52,Male,Basic,74.36,North,Mobile,Electronics,7,3.9,4,2,138.46,267.99,122,0,0,0.0
75,18,Female,Basic,40.36,West,Mobile,Apparel,8,5.5,7,3,20.62,131.97,9,0,0,0.0
76,44,Male,Premium,93.18,East,Desktop,Home & Kitchen,8,4.4,13,4,,393.45,41,0,0,0.0
77,35,Female,Basic,62.69,West,Mobile,Apparel,5,7.6,5,3,20.9,69.23,183,0,0,0.0
78,31,None,None,39.1,South,Mobile,Apparel,3,16.8,3,0,36.43,10.74,58,0,0,0.0
79,36,Male,Basic,40.15,West,Mobile,Sports,3,11.2,1,2,5.0,0.0,75,0,0,0.0
80,18,Female,None,9.57,North,Mobile,Beauty,7,16.8,5,4,5.0,119.81,33,0,0,0.0
81,32,Male,None,55.39,East,Mobile,Beauty,2,11.5,3,0,5.0,0.0,1,0,0,0.0
82,38,Female,Basic,30.73,South,Mobile,Apparel,7,12.1,4,2,,20.55,62,0,0,0.0
83,51,Male,None,56.52,East,Mobile,Books,5,15.9,6,1,38.6,44.35,59,0,0,0.0
84,29,Female,Basic,51.46,South,Mobile,Apparel,7,9.5,3,5,61.01,355.49,7,0,1,92.06
85,26,Male,Premium,89.52,Central,Mobile,Sports,10,11.3,11,1,36.4,91.56,37,0,1,65.23
86,29,Male,Premium,72.76,Central,Desktop,Books,5,16.1,10,4,37.48,148.32,148,0,0,0.0
87,45,Female,Premium,77.07,West,Desktop,Sports,8,17.8,8,3,74.52,238.09,13,1,1,145.93
88,38,Male,None,64.07,North,Desktop,Books,1,6.1,3,0,5.0,16.43,37,0,0,0.0
89,29,Female,None,54.23,South,Mobile,Beauty,3,5.1,1,0,9.55,0.0,37,0,0,0.0
90,40,Male,Basic,65.19,Central,Mobile,Apparel,4,8.6,2,4,19.69,0.0,99,0,0,0.0
91,36,Female,None,58.75,East,Desktop,Apparel,0,11.3,4,0,43.16,0.0,104,0,0,0.0
92,45,Male,Basic,33.36,Central,Mobile,Apparel,2,11.2,1,1,5.0,0.0,85,0,0,0.0
93,27,Female,Basic,69.22,South,Mobile,Electronics,5,2.3,2,1,86.62,26.66,27,0,0,0.0
94,31,Male,Basic,67.82,Central,Mobile,Beauty,5,15.6,4,0,7.98,37.48,4,0,0,0.0
95,30,Male,None,30.2,Central,Mobile,Apparel,1,5.4,7,0,23.96,0.11,25,0,0,0.0
96,18,Male,None,40.51,West,Mobile,Sports,9,6.9,5,2,24.83,38.93,68,1,1,40.25
97,38,Male,None,50.19,North,Desktop,Apparel,4,4.4,3,1,13.39,0.0,72,0,0,0.0
98,37,Female,None,48.18,South,Mobile,Home & Kitchen,4,18.8,3,0,38.13,0.0,201,0,0,0.0
99,35,Male,Premium,86.01,Central,Mobile,Books,5,13.0,10,2,54.48,0.0,36,0,0,0.0
100,32,Female,None,74.86,Central,Mobile,Apparel,3,4.6,4,0,27.59,0.0,60,1,0,0.0
101,19,Male,None,64.67,North,Mobile,Sports,6,11.5,2,1,25.74,28.9,46,0,0,0.0
102,30,Male,None,24.88,South,Mobile,Sports,4,11.1,5,1,29.58,41.68,9,0,0,0.0
103,31,Female,Basic,68.0,Central,Mobile,Apparel,6,7.2,6,2,29.77,0.0,37,0,0,0.0
104,26,Female,Basic,79.22,East,Mobile,Home & Kitchen,5,11.4,2,5,41.41,218.29,47,1,0,0.0
105,33,Male,None,56.36,Central,Desktop,Apparel,3,4.7,4,1,71.68,19.61,180,0,0,0.0
106,39,Male,None,70.84,Central,Mobile,Sports,1,6.0,2,0,43.96,0.0,27,0,0,0.0
107,55,Male,None,92.22,Central,Mobile,Beauty,3,1.0,3,1,21.95,57.85,235,0,0,0.0
108,36,Female,None,68.73,North,Mobile,Home & Kitchen,0,,6,0,63.68,100.71,46,0,0,0.0
109,37,Female,Basic,63.09,North,Mobile,Sports,6,15.2,3,4,80.03,322.69,16,0,1,35.87
110,34,Male,Basic,76.51,North,Mobile,Apparel,8,14.6,1,2,5.0,0.0,12,0,1,1.57
111,18,Female,None,47.51,Central,Mobile,Sports,7,8.3,3,4,39.73,168.35,9,1,1,29.89
112,34,Female,None,50.13,East,Desktop,Books,2,14.7,7,0,49.77,46.95,36,0,0,0.0
113,35,Female,Premium,73.67,North,Mobile,Books,11,11.4,7,6,14.36,117.21,1,1,1,4.0
114,62,Female,Basic,94.24,South,Desktop,Sports,6,5.0,4,1,43.15,180.31,35,0,0,0.0
115,32,Male,Basic,42.37,South,Mobile,Home & Kitchen,4,8.2,7,1,24.92,0.0,267,0,0,0.0
116,38,Male,None,78.48,Central,Desktop,Books,1,7.5,4,0,16.69,12.61,66,0,0,0.0
117,34,Male,Basic,66.7,West,Mobile,Apparel,6,7.1,3,2,58.63,194.71,85,0,0,0.0
118,22,Male,None,20.91,West,Mobile,Beauty,1,,1,0,5.0,74.31,7,0,0,0.0
119,47,Female,Basic,68.22,North,Desktop,Electronics,3,8.6,6,1,103.85,6.35,38,0,0,0.0
120,43,Female,Premium,44.6,Central,Mobile,Books,13,14.8,9,4,5.0,19.83,20,1,1,4.39
121,43,Male,None,63.66,North,Mobile,Sports,2,12.1,5,0,16.96,74.23,134,0,0,0.0
122,24,Male,None,62.63,West,Mobile,Sports,6,9.6,4,1,35.44,179.97,12,0,0,0.0
123,50,None,None,43.84,North,Desktop,Electronics,5,4.1,1,0,84.88,35.19,36,0,0,0.0
124,19,Female,None,47.42,North,Desktop,Sports,2,2.6,5,0,35.52,0.0,53,0,0,0.0
125,41,Male,None,86.97,North,Desktop,Sports,3,8.6,4,0,68.41,0.0,43,0,0,0.0
126,59,Female,None,48.1,East,Desktop,Beauty,5,7.3,6,3,20.95,173.79,106,0,0,0.0
127,24,Male,Basic,35.64,West,Mobile,Apparel,5,8.3,4,0,39.29,36.44,15,0,0,0.0
128,28,Male,Basic,82.57,North,Mobile,Home & Kitchen,3,7.9,4,1,60.46,18.06,28,0,0,0.0
129,36,None,None,85.63,South,Mobile,Electronics,0,18.3,2,0,123.37,0.0,94,0,0,0.0
130,29,Female,Premium,78.27,Central,Tablet,Home & Kitchen,7,6.7,8,2,,120.03,45,1,1,22.51
131,18,Male,None,63.11,North,Mobile,Apparel,8,1.0,4,2,69.96,167.11,30,0,0,0.0
132,35,Female,Premium,104.15,North,Desktop,Apparel,9,13.3,6,5,33.98,124.92,1,0,1,19.21
133,23,Female,None,33.04,East,Mobile,Electronics,3,6.5,5,1,24.64,0.0,83,0,0,0.0
134,40,Female,Premium,72.76,Central,Desktop,Apparel,5,13.3,10,5,45.92,146.95,214,0,1,13.9
135,24,Male,Basic,76.86,South,Mobile,Electronics,6,,8,3,99.98,351.93,58,0,0,0.0
136,52,Female,Premium,115.43,Central,Desktop,Books,4,17.1,6,3,25.01,57.95,116,0,0,0.0
137,26,Female,Premium,87.43,South,Mobile,Home & Kitchen,5,6.0,3,6,81.48,512.2,43,0,1,78.18
138,31,Female,None,32.96,South,Mobile,Home & Kitchen,5,5.8,6,1,,78.31,15,0,0,0.0
139,43,Male,Premium,118.17,North,Mobile,Home & Kitchen,9,13.7,7,8,136.26,1101.07,0,1,1,131.63
140,21,Male,None,36.24,West,Mobile,Beauty,6,11.1,6,0,29.47,0.0,63,0,0,0.0
141,37,Male,None,44.57,South,Mobile,Books,5,16.8,4,1,34.31,44.01,40,1,0,0.0
142,49,Female,None,60.36,West,Desktop,Electronics,2,11.8,4,1,66.69,69.85,91,0,1,56.75
143,18,Male,Basic,80.87,South,Mobile,Apparel,2,,4,0,47.15,62.31,71,0,0,0.0
144,37,Female,None,65.97,South,Mobile,Books,6,4.4,1,5,14.5,88.04,265,0,0,0.0
145,37,Female,Basic,66.07,Central,Mobile,Apparel,6,5.7,6,2,54.27,81.32,42,0,0,0.0
146,43,Male,Basic,68.74,West,Mobile,Electronics,6,5.6,3,3,111.19,385.96,33,0,0,0.0
147,21,Female,Basic,54.58,North,Desktop,Electronics,8,10.6,3,7,73.72,577.56,20,0,1,36.72
148,20,Male,Premium,85.55,West,Desktop,Electronics,6,13.0,7,7,,487.06,38,0,1,34.85
149,40,Female,None,8.0,West,Tablet,Books,4,2.7,6,1,36.87,113.51,123,0,0,0.0
150,38,Male,None,45.56,North,Mobile,Apparel,5,6.3,3,0,32.99,18.24,2,0,0,0.0
151,37,Female,None,54.94,East,Mobile,Books,1,11.5,3,0,5.0,14.16,228,0,0,0.0
152,38,Female,None,30.18,South,Mobile,Books,4,9.4,3,0,12.96,50.33,300,0,0,0.0
153,27,Female,None,54.55,East,Mobile,Beauty,4,10.3,4,1,5.0,0.0,54,0,0,0.0
154,37,Female,None,46.92,West,Tablet,Electronics,1,9.5,1,0,81.16,47.71,24,0,0,0.0
155,38,Female,None,82.5,North,Mobile,Electronics,3,,6,0,76.18,0.0,15,0,0,0.0
156,27,Female,Premium,105.91,North,Mobile,Home & Kitchen,7,12.9,10,5,88.78,370.15,19,1,0,0.0
157,55,Female,Basic,55.62,South,Desktop,Home & Kitchen,5,6.5,7,2,53.83,57.77,3,0,0,0.0
158,40,Female,None,48.78,Central,Mobile,Beauty,5,4.3,3,1,36.39,64.74,38,0,0,0.0
159,21,Male,Basic,52.47,West,Mobile,Home & Kitchen,4,9.0,1,2,48.3,49.33,3,0,1,12.19
160,42,Female,None,43.97,North,Desktop,Books,4,1.0,1,0,19.73,80.5,76,0,0,0.0
161,24,Female,None,50.21,South,Mobile,Home & Kitchen,7,7.3,3,1,43.62,103.08,27,0,0,0.0
162,43,Female,Basic,46.75,South,Desktop,Beauty,6,7.2,1,7,14.32,166.91,13,0,0,0.0
163,47,Male,Basic,41.25,West,Mobile,Books,6,2.5,4,2,8.31,22.86,47,0,0,0.0
164,25,Female,None,58.21,East,Mobile,Electronics,3,4.3,1,0,70.73,12.89,218,0,0,0.0
165,45,Male,Premium,94.33,Central,Mobile,Apparel,8,15.2,7,5,11.55,0.0,71,0,1,11.8
166,39,Female,Premium,66.72,North,Mobile,Electronics,10,12.9,12,1,70.04,119.83,40,1,1,77.06
167,44,Male,Basic,76.82,East,Mobile,Electronics,3,8.4,5,0,103.23,18.99,90,0,0,0.0
168,55,Female,Basic,52.63,West,Desktop,Home & Kitchen,4,9.2,4,1,41.33,69.7,80,0,0,0.0
169,32,Female,Basic,61.66,Central,Mobile,Apparel,4,8.4,3,5,26.48,216.82,133,0,0,0.0
170,26,Male,None,62.07,South,Mobile,Home & Kitchen,5,13.0,3,1,48.15,17.85,13,0,0,0.0
171,25,Female,None,46.39,West,Mobile,Books,1,8.5,5,1,5.0,0.0,117,0,0,0.0
172,26,Male,None,55.49,South,Mobile,Electronics,2,2.2,7,0,61.17,16.33,21,0,0,0.0
173,34,Female,Basic,48.4,East,Tablet,Home & Kitchen,7,14.5,2,3,36.46,62.61,169,0,0,0.0
174,38,Female,Basic,55.36,Central,Desktop,Electronics,6,9.5,5,1,70.96,61.58,19,0,0,0.0
175,38,Female,None,47.19,Central,Mobile,Apparel,5,5.6,7,0,30.52,24.65,156,0,0,0.0
176,44,Female,Premium,69.26,West,Mobile,Home & Kitchen,8,7.0,5,2,57.34,98.41,199,1,0,0.0
177,35,Female,Premium,76.82,South,Mobile,Books,8,13.6,7,2,5.0,75.45,9,0,0,0.0
178,50,Male,Basic,34.62,Central,Mobile,Home & Kitchen,4,7.5,5,1,5.0,0.0,220,0,0,0.0
179,32,Male,Basic,48.26,North,Mobile,Electronics,6,14.3,3,1,,169.86,5,0,0,0.0
180,64,Female,Premium,83.57,North,Mobile,Home & Kitchen,6,8.6,10,2,50.95,134.96,14,0,1,42.58
181,41,Female,None,47.19,West,Mobile,Electronics,1,4.7,4,0,50.03,0.0,35,0,0,0.0
182,25,Female,Basic,50.65,South,Mobile,Apparel,8,11.6,3,4,34.65,92.38,303,1,1,23.42
183,23,Female,None,45.29,Central,Desktop,Beauty,4,11.7,1,0,21.71,0.0,40,0,0,0.0
184,40,Male,Basic,68.13,East,Mobile,Electronics,4,8.7,6,5,97.62,448.34,47,0,1,90.44
185,32,Female,None,64.84,East,Mobile,Home & Kitchen,3,10.7,4,0,48.2,52.36,71,0,0,0.0
186,42,Male,Premium,70.4,West,Desktop,Beauty,4,11.8,3,5,27.3,133.7,207,1,0,0.0
187,40,Female,Premium,59.84,West,Desktop,Home & Kitchen,6,12.9,9,1,53.89,112.04,91,0,1,22.53
188,34,Male,None,30.94,East,Mobile,Electronics,0,12.7,5,0,33.36,0.0,15,0,0,0.0
189,25,Male,Basic,46.23,North,Desktop,Books,7,10.5,6,3,12.3,72.26,21,0,0,0.0
190,18,Male,Premium,68.57,West,Desktop,Apparel,10,11.3,9,7,54.02,342.27,6,1,0,0.0
191,30,Male,Basic,42.64,South,Mobile,Sports,5,13.4,4,5,30.26,103.02,62,0,1,36.19
192,44,Female,Premium,59.37,North,Mobile,Apparel,5,2.5,4,3,28.19,79.21,11,1,1,14.29
193,37,Male,Basic,50.39,West,Desktop,Home & Kitchen,5,16.2,3,3,65.71,163.88,17,0,0,0.0
194,21,Male,None,49.07,North,Mobile,Home & Kitchen,4,1.2,7,3,62.41,110.09,131,0,0,0.0
195,36,Male,None,61.01,Central,Mobile,Apparel,2,5.5,3,0,60.96,0.0,23,0,0,0.0
196,39,Male,None,41.17,West,Mobile,Electronics,4,7.8,3,1,17.57,22.89,50,1,0,0.0
197,25,Male,Basic,47.57,Central,Mobile,Apparel,8,7.4,6,1,40.94,104.36,30,0,0,0.0
198,36,Male,None,33.62,South,Mobile,Books,4,12.0,3,0,,46.84,4,0,0,0.0
199,35,Female,Basic,57.43,Central,Mobile,Beauty,6,3.8,2,0,5.0,61.0,27,0,1,0.75
200,22,None,Basic,38.83,North,Mobile,Electronics,2,9.0,2,1,54.73,90.75,31,0,0,0.0
201,38,Female,Basic,69.22,North,Mobile,Beauty,3,,5,3,43.17,146.14,135,0,0,0.0
202,41,Male,Premium,49.65,North,Mobile,Books,6,13.2,9,7,5.0,0.0,23,1,0,0.0
203,46,Male,Premium,76.83,East,Desktop,Sports,7,11.7,8,2,64.17,135.83,28,0,1,34.62
204,46,Female,None,58.72,North,Mobile,Electronics,5,8.4,4,2,92.59,215.02,91,0,0,0.0
205,19,Female,Premium,78.51,East,Mobile,Books,13,9.8,7,11,,127.87,85,0,1,4.01
206,24,Male,Basic,103.17,South,Tablet,Apparel,7,6.0,9,1,46.68,80.99,96,1,0,0.0
207,40,Male,Basic,65.8,South,Mobile,Home & Kitchen,6,9.1,4,2,63.92,189.86,184,0,0,0.0
208,40,Male,Premium,63.43,West,Mobile,Home & Kitchen,8,15.8,6,4,39.9,108.0,95,0,1,11.53
209,40,Male,None,49.78,North,Mobile,Sports,0,5.6,1,0,18.26,0.0,31,0,0,0.0
210,75,Male,None,30.03,West,Mobile,Books,4,2.5,4,0,5.0,21.47,103,0,0,0.0
211,41,Female,Premium,80.35,East,Mobile,Books,10,14.5,7,3,28.89,144.72,42,1,1,54.23
212,47,Female,None,38.6,Central,Mobile,Electronics,1,7.9,2,0,62.28,0.0,19,0,0,0.0
213,45,Female,Premium,99.48,South,Mobile,Books,7,15.3,7,2,5.0,5.88,21,1,1,9.37
214,42,Female,Premium,72.21,Central,Mobile,Electronics,4,8.4,9,2,105.47,245.3,15,0,0,0.0
215,31,Female,None,46.7,East,Desktop,Apparel,3,1.0,5,2,5.7,0.0,9,0,0,0.0
216,43,Female,Premium,70.96,Central,Desktop,Home & Kitchen,7,9.9,8,2,30.24,140.85,12,0,0,0.0
217,26,Female,None,78.6,North,Desktop,Home & Kitchen,9,4.9,7,0,61.83,0.0,3,1,1,17.94
218,32,Male,Basic,51.32,West,Mobile,Beauty,4,7.7,3,2,38.88,0.0,131,0,0,0.0
219,29,Male,Basic,89.19,Central,Mobile,Home & Kitchen,3,5.5,6,2,91.61,183.72,160,0,0,0.0
220,35,Male,Premium,94.65,North,Mobile,Books,9,15.0,7,3,15.11,130.25,53,0,1,17.98
221,60,Female,None,66.18,East,Mobile,Apparel,0,6.8,4,0,23.43,29.32,110,0,0,0.0
222,18,Female,Basic,59.54,Central,Desktop,Apparel,4,8.6,3,2,20.78,79.11,12,0,0,0.0
223,42,Male,Basic,67.19,East,Mobile,Books,7,8.6,2,3,12.93,40.86,139,0,0,0.0
224,18,Female,Basic,18.2,North,Mobile,Electronics,9,8.8,12,1,5.0,0.0,42,1,1,2.91
225,29,Male,Basic,51.18,West,Mobile,Beauty,12,7.9,3,4,9.42,0.0,4,0,0,0.0
226,46,Female,None,68.51,North,Mobile,Beauty,3,10.0,5,0,,0.0,9,0,0,0.0
227,35,Male,None,49.12,Central,Mobile,Home & Kitchen,4,4.8,7,2,16.2,42.21,22,0,0,0.0
228,23,Male,None,21.11,North,Mobile,Beauty,3,13.6,3,0,5.0,65.63,2,0,0,0.0
229,27,Female,Premium,76.66,North,Mobile,Electronics,8,11.1,4,6,106.33,655.19,22,1,1,28.69
230,42,None,None,82.77,South,Desktop,Sports,4,2.8,4,1,59.78,90.96,3,0,0,0.0
231,26,Male,None,69.74,West,Mobile,Electronics,6,8.8,4,2,83.09,245.37,16,0,0,0.0
232,37,Male,Premium,79.48,Central,Desktop,Home & Kitchen,8,8.6,7,2,51.71,119.86,18,1,0,0.0
233,35,Female,None,67.13,North,Desktop,Electronics,2,10.7,2,0,117.46,0.0,310,0,0,0.0
234,27,Female,Premium,71.0,North,Mobile,Home & Kitchen,6,20.8,5,2,45.72,50.51,16,0,0,0.0
235,58,Male,Basic,34.23,South,Mobile,Beauty,1,4.9,6,1,15.99,117.1,16,0,0,0.0
236,41,Female,Premium,65.16,Central,Mobile,Books,5,13.3,3,5,5.0,51.33,69,0,1,3.55
237,18,Female,None,73.03,East,Mobile,Sports,7,1.0,3,1,53.31,6.13,117,0,1,37.21
238,37,Male,None,45.67,South,Mobile,Home & Kitchen,4,9.8,2,0,49.34,0.0,29,0,0,0.0
239,27,None,Basic,51.22,East,Mobile,Books,8,4.5,1,1,5.0,67.65,125,0,0,0.0
240,44,Male,Premium,77.3,South,Mobile,Home & Kitchen,4,9.5,7,4,67.89,219.69,24,0,0,0.0
241,26,Male,Basic,89.57,South,Desktop,Beauty,3,3.6,1,2,52.48,197.65,13,0,0,0.0
242,33,Female,None,78.67,South,Tablet,Beauty,4,10.9,1,1,60.4,0.0,23,1,0,0.0
243,40,Male,Basic,99.44,Central,Mobile,Home & Kitchen,4,12.0,2,2,84.91,240.95,56,0,0,0.0
244,44,Female,Basic,57.84,Central,Mobile,Sports,5,8.1,5,3,42.48,151.78,27,1,0,0.0
245,21,Female,Basic,59.12,West,Desktop,Apparel,7,4.5,7,2,72.6,151.13,67,1,0,0.0
246,31,None,Basic,29.5,East,Mobile,Home & Kitchen,8,14.4,6,2,48.66,88.55,16,0,1,75.25
247,29,Female,Premium,104.78,East,Mobile,Sports,6,9.0,3,1,63.1,157.64,72,0,0,0.0
248,27,Male,Basic,34.58,North,Mobile,Books,6,1.0,3,1,,40.35,25,0,0,0.0
249,54,Female,None,59.6,West,Desktop,Books,2,9.8,2,0,28.67,0.0,36,0,0,0.0
250,39,Female,Basic,39.45,East,Mobile,Home & Kitchen,5,3.6,8,1,14.5,0.0,48,0,0,0.0
251,21,Female,None,35.2,Central,Mobile,Beauty,4,12.0,7,2,33.02,74.9,69,0,0,0.0
252,45,Female,None,37.93,North,Mobile,Home & Kitchen,6,6.5,2,3,40.06,120.13,16,0,0,0.0
253,58,Male,None,45.96,West,Desktop,Home & Kitchen,6,10.4,2,0,50.8,0.0,108,0,1,11.96
254,46,Female,None,43.6,West,Desktop,Books,3,13.6,4,2,5.0,7.23,76,0,0,0.0
255,18,Female,None,35.03,South,Mobile,Books,4,3.2,7,0,5.0,0.0,16,0,1,3.01
256,29,Female,None,63.2,West,Desktop,Books,4,5.7,8,1,39.35,39.81,221,0,0,0.0
257,48,Female,Premium,64.01,Central,Mobile,Electronics,5,11.7,3,3,77.0,267.3,65,0,1,59.18
258,27,Female,Premium,81.57,Central,Mobile,Sports,8,18.2,7,1,50.51,125.14,36,0,0,0.0
259,39,Male,None,73.12,West,Desktop,Books,4,5.4,3,2,10.1,65.64,10,0,0,0.0
260,43,Male,Premium,73.16,North,Mobile,Apparel,7,9.6,7,1,38.98,2.91,45,1,1,43.69
261,24,Female,Basic,41.78,Central,Mobile,Home & Kitchen,4,9.9,4,1,16.15,34.6,10,0,0,0.0
262,34,Male,None,45.55,West,Mobile,Sports,5,5.7,3,1,21.5,24.66,33,0,0,0.0
263,18,Female,None,66.14,South,Desktop,Beauty,6,8.6,5,0,8.8,0.0,31,0,0,0.0
264,23,Female,Basic,57.89,North,Desktop,Books,1,1.8,1,0,26.17,19.91,76,0,0,0.0
265,32,Male,Basic,47.54,North,Desktop,Home & Kitchen,6,16.9,2,0,24.12,92.83,12,0,0,0.0
266,21,Male,Basic,62.51,North,Mobile,Sports,4,2.6,3,3,9.89,31.29,103,0,0,0.0
267,52,Female,None,35.26,West,Desktop,Sports,1,6.7,7,0,5.0,0.0,23,0,0,0.0
268,19,Male,None,57.46,South,Mobile,Home & Kitchen,5,7.9,3,0,21.16,1.51,35,0,0,0.0
269,30,Female,None,55.85,North,Mobile,Sports,4,15.7,2,2,67.44,74.19,88,0,0,0.0
270,36,Male,None,44.76,South,Desktop,Home & Kitchen,4,2.7,6,0,39.71,43.18,58,0,0,0.0
271,50,Female,None,39.41,East,Mobile,Home & Kitchen,1,15.9,1,0,44.71,26.24,22,0,0,0.0
272,19,Male,None,29.24,North,Mobile,Electronics,3,11.0,2,0,48.16,0.0,29,0,0,0.0
273,47,Female,Premium,93.23,North,Mobile,Home & Kitchen,6,13.7,6,0,83.17,0.0,21,0,0,0.0
274,35,None,Premium,102.12,North,Mobile,Sports,4,8.1,3,2,72.03,133.45,54,0,0,0.0
275,24,Female,None,35.23,West,Mobile,Books,4,10.3,4,0,26.53,0.41,24,0,0,0.0
276,40,Male,Premium,89.75,North,Mobile,Apparel,5,9.1,8,5,46.0,191.39,77,0,0,0.0
277,37,Female,None,13.03,East,Mobile,Apparel,2,13.1,1,0,34.24,0.0,52,0,0,0.0
278,28,Female,Basic,45.38,North,Mobile,Electronics,7,4.1,4,1,70.5,127.43,9,0,1,100.59
279,35,Male,None,49.44,North,Desktop,Beauty,3,7.5,5,1,5.0,0.0,22,0,0,0.0
280,30,Male,Basic,40.13,South,Mobile,Books,4,5.8,5,2,5.0,18.35,15,0,0,0.0
281,36,Male,Premium,63.44,North,Mobile,Beauty,7,8.0,4,4,5.75,37.26,29,1,0,0.0
282,42,Female,Basic,48.08,North,Desktop,Beauty,4,11.0,6,2,,95.58,43,0,0,0.0
283,52,Female,None,60.36,South,Desktop,Home & Kitchen,2,10.1,2,0,45.02,0.0,42,0,0,0.0
284,21,Female,Basic,50.43,South,Mobile,Electronics,6,12.8,5,1,48.58,0.0,84,0,0,0.0
285,58,Male,None,16.61,West,Mobile,Sports,4,1.0,7,0,18.35,0.0,12,0,0,0.0
286,18,Male,Premium,36.73,North,Desktop,Beauty,13,16.3,4,3,9.81,49.22,175,0,1,4.08
287,33,Female,Basic,46.48,Central,Mobile,Beauty,5,18.0,7,0,20.76,0.0,25,0,0,0.0
288,41,Female,None,60.04,Central,Desktop,Books,2,6.2,4,2,47.4,77.05,21,0,0,0.0
289,38,Female,Basic,9.44,West,Mobile,Sports,2,15.6,4,2,25.06,156.48,69,0,0,0.0
290,28,Male,Basic,46.9,South,Mobile,Sports,6,6.9,3,0,34.31,0.0,98,0,0,0.0
291,32,Female,None,39.63,Central,Mobile,Books,4,2.5,2,3,5.0,0.0,28,0,0,0.0
292,29,Male,Basic,81.19,North,Mobile,Books,6,,5,1,5.0,99.83,82,1,0,0.0
293,28,Male,None,40.97,North,Desktop,Beauty,4,12.2,2,0,27.33,0.0,129,0,0,0.0
294,44,Female,Basic,67.59,North,Tablet,Electronics,9,4.6,5,0,63.09,0.0,87,0,1,94.74
295,38,Female,Premium,83.44,Central,Desktop,Home & Kitchen,7,9.6,9,2,116.25,290.94,2,0,0,0.0
296,27,Female,Premium,39.25,South,Desktop,Sports,12,14.4,9,3,28.55,88.41,105,1,0,0.0
297,44,Male,Basic,74.53,Central,Desktop,Electronics,7,8.0,4,3,96.38,271.72,89,0,1,41.35
298,38,Male,Basic,62.78,South,Mobile,Electronics,3,10.3,2,0,67.03,9.62,66,1,0,0.0
299,43,Female,None,61.55,Central,Desktop,Electronics,1,9.0,8,1,88.72,55.81,85,0,0,0.0
300,41,Female,Basic,130.47,Central,Mobile,Sports,4,9.9,4,1,,19.91,233,0,0,0.0
301,25,Male,None,9.49,Central,Mobile,Home & Kitchen,3,6.3,5,2,51.65,97.62,33,1,0,0.0
302,28,Male,Basic,86.94,East,Mobile,Apparel,5,8.9,3,0,68.08,0.0,4,0,0,0.0
303,43,Male,None,47.23,Central,Desktop,Electronics,4,4.3,4,3,80.14,240.95,37,0,0,0.0
304,41,Female,None,56.97,Central,Mobile,Sports,1,13.2,6,0,13.21,17.72,2,0,0,0.0
305,34,Male,Basic,56.88,South,Desktop,Apparel,3,5.5,3,0,31.41,42.65,20,0,0,0.0
306,36,Male,None,42.66,South,Mobile,Apparel,1,12.5,5,0,44.66,56.4,53,0,0,0.0
307,49,Male,Basic,51.94,West,Desktop,Beauty,7,7.1,6,2,28.48,36.67,22,0,0,0.0
308,28,Male,None,53.83,South,Tablet,Home & Kitchen,5,8.8,4,1,27.33,52.3,69,0,0,0.0
309,41,Male,None,24.49,West,Mobile,Apparel,3,6.0,3,2,5.0,34.63,103,0,0,0.0
310,32,Female,Basic,70.61,North,Desktop,Beauty,4,3.9,5,2,13.56,43.51,32,0,0,0.0
311,32,Male,None,41.61,East,Mobile,Apparel,6,1.0,2,0,7.9,0.0,138,0,0,0.0
312,47,Female,None,33.26,North,Mobile,Sports,3,3.8,7,0,,0.0,4,0,0,0.0
313,44,Male,Basic,52.6,South,Desktop,Apparel,4,6.7,4,0,5.0,25.1,109,0,0,0.0
314,43,None,None,75.03,South,Mobile,Electronics,5,8.8,3,2,109.16,132.98,105,0,1,190.09
315,49,Female,Premium,74.56,Central,Mobile,Sports,8,16.0,4,4,27.84,97.97,23,1,0,0.0
316,35,Female,None,56.45,North,Mobile,Sports,3,6.2,3,0,21.42,0.0,21,0,0,0.0
317,42,Female,None,38.94,Central,Mobile,Apparel,3,4.5,1,0,5.0,0.0,21,0,0,0.0
318,31,Male,Basic,70.44,Central,Mobile,Electronics,7,2.2,5,2,79.18,114.5,100,1,1,20.42
319,38,Male,None,63.24,East,Mobile,Sports,2,9.9,4,0,75.75,54.84,106,1,0,0.0
320,33,Female,None,82.67,South,Desktop,Sports,7,13.5,1,1,64.82,99.23,24,0,0,0.0
321,36,Female,None,47.14,South,Mobile,Apparel,3,13.1,3,1,5.0,0.0,53,0,0,0.0
322,41,Female,None,63.84,East,Mobile,Beauty,2,10.8,9,1,40.77,77.24,8,0,0,0.0
323,25,Female,Premium,78.77,North,Desktop,Electronics,4,14.6,7,3,125.45,420.73,37,0,0,0.0
324,58,Female,None,80.23,East,Desktop,Home & Kitchen,2,14.8,8,0,72.68,0.0,403,0,0,0.0
325,23,None,Basic,41.46,Central,Desktop,Electronics,9,9.3,6,3,93.76,212.06,10,0,0,0.0
326,21,Male,Premium,89.21,North,Mobile,Home & Kitchen,8,14.6,5,5,94.94,464.3,176,1,0,0.0
327,47,None,None,50.1,East,Mobile,Electronics,9,6.7,4,1,77.78,72.89,104,0,0,0.0
328,43,Female,Premium,81.24,Central,Mobile,Home & Kitchen,5,6.6,8,2,55.42,49.22,214,1,0,0.0
329,41,Male,None,53.45,Central,Mobile,Home & Kitchen,3,5.3,4,0,59.58,18.35,11,0,0,0.0
330,41,Female,Premium,86.34,Central,Desktop,Home & Kitchen,7,12.0,5,4,,335.27,14,0,0,0.0
331,34,Male,None,47.61,Central,Mobile,Electronics,1,,5,1,71.34,93.59,1,0,0,0.0
332,25,Female,Basic,58.86,South,Mobile,Apparel,4,15.7,3,1,14.56,28.51,77,0,1,14.96
333,35,Male,Basic,86.41,Central,Mobile,Sports,1,8.3,5,0,64.78,36.49,61,0,0,0.0
334,27,Male,None,65.34,Central,Mobile,Apparel,8,12.7,4,1,15.03,6.06,11,0,1,9.73
335,45,Female,Basic,76.64,East,Mobile,Sports,6,,1,2,12.24,34.57,93,0,0,0.0
336,33,Male,Basic,49.2,South,Desktop,Apparel,3,6.8,9,2,43.58,67.27,21,0,0,0.0
337,25,Female,None,30.99,South,Mobile,Home & Kitchen,3,2.7,4,0,5.0,0.0,8,0,0,0.0
338,31,Female,None,66.0,South,Mobile,Beauty,4,5.0,2,0,23.26,66.91,32,0,0,0.0
339,39,Female,Basic,74.97,North,Mobile,Books,4,10.1,6,3,18.66,0.0,5,0,0,0.0
340,28,Male,Basic,82.41,West,Mobile,Electronics,6,8.0,5,1,,155.86,18,0,0,0.0
341,25,Male,Premium,66.13,East,Mobile,Electronics,7,15.8,8,2,78.98,126.93,27,0,1,136.15
342,37,Male,Basic,54.47,East,Mobile,Beauty,6,8.7,5,3,22.85,31.05,114,0,0,0.0
343,37,Female,Premium,51.09,North,Mobile,Books,6,10.6,7,7,17.59,136.21,94,1,0,0.0
344,29,Female,Basic,49.14,Central,Desktop,Books,3,16.6,2,3,22.56,0.0,35,0,0,0.0
345,29,Female,None,66.14,North,Mobile,Home & Kitchen,2,7.6,4,1,92.87,52.07,77,0,0,0.0
346,37,Female,None,42.2,North,Mobile,Home & Kitchen,4,12.7,4,0,41.82,0.0,50,0,0,0.0
347,19,Female,Basic,64.73,West,Mobile,Beauty,7,6.4,8,2,21.99,32.91,25,0,0,0.0
348,19,Female,Basic,49.77,South,Mobile,Home & Kitchen,7,10.8,3,0,25.66,0.0,77,1,0,0.0
349,27,Male,None,53.43,North,Mobile,Beauty,4,,2,0,25.82,80.06,69,0,0,0.0
350,32,Female,None,28.44,South,Mobile,Books,4,8.8,1,1,17.9,107.75,57,1,0,0.0
351,38,Male,Premium,82.43,West,Mobile,Sports,7,2.6,8,6,55.5,231.9,57,0,0,0.0
352,51,Female,Basic,8.96,West,Mobile,Home & Kitchen,3,8.1,2,2,18.78,64.78,68,0,0,0.0
353,44,Female,None,49.34,South,Mobile,Home & Kitchen,2,12.9,3,0,37.57,42.93,29,0,0,0.0
354,33,Female,Basic,28.05,North,Mobile,Beauty,7,10.1,3,2,22.4,71.95,121,0,1,15.45
355,34,Male,None,71.41,West,Mobile,Home & Kitchen,2,9.8,4,0,81.09,0.0,10,0,0,0.0
356,23,Male,None,60.39,Central,Desktop,Home & Kitchen,6,1.1,3,0,71.12,0.0,129,1,0,0.0
357,34,Male,None,58.1,West,Mobile,Electronics,5,5.1,1,0,76.72,0.0,25,0,0,0.0
358,31,Male,None,76.18,Central,Mobile,Electronics,5,9.6,1,3,76.71,209.12,8,1,0,0.0
359,38,Male,Basic,41.82,East,Desktop,Home & Kitchen,4,9.6,5,0,24.56,0.0,54,0,1,23.17
360,25,Female,None,78.45,West,Mobile,Sports,2,12.9,3,0,68.39,0.0,28,0,0,0.0
361,40,Female,Premium,98.28,Central,Mobile,Apparel,9,11.4,10,4,96.15,309.46,101,0,0,0.0
362,51,Male,Premium,80.54,West,Desktop,Home & Kitchen,4,13.6,10,4,64.06,246.23,33,0,1,114.43
363,33,Male,None,69.84,Central,Desktop,Apparel,3,8.1,5,0,42.64,0.0,66,0,0,0.0
364,39,Male,Basic,39.29,East,Desktop,Electronics,7,4.1,2,3,39.17,127.85,22,0,0,0.0
365,42,Female,Basic,45.26,Central,Mobile,Books,3,1.0,7,5,5.0,0.0,14,1,1,1.49
366,30,Female,Premium,67.55,West,Mobile,Sports,12,13.7,3,6,35.11,225.19,29,1,0,0.0
367,37,Female,None,41.08,Central,Mobile,Electronics,5,8.7,8,0,10.93,54.08,56,0,0,0.0
368,35,Female,Basic,38.98,North,Mobile,Sports,6,5.5,5,1,55.13,134.6,64,0,0,0.0
369,36,Female,Basic,80.32,West,Mobile,Apparel,3,1.5,2,0,5.0,0.0,51,1,1,1.02
370,26,Female,None,42.64,Central,Desktop,Books,5,10.5,3,0,5.0,0.0,265,1,0,0.0
371,35,Male,None,56.35,North,Mobile,Apparel,1,6.9,3,0,5.0,0.0,70,0,0,0.0
372,40,Female,Basic,49.23,West,Mobile,Apparel,6,10.2,5,2,5.94,34.9,160,0,0,0.0
373,50,Male,Basic,29.73,Central,Mobile,Beauty,2,15.5,5,2,37.04,0.0,7,1,0,0.0
374,45,Female,None,57.86,South,Desktop,Sports,2,1.0,2,1,45.68,0.0,3,0,1,32.55
375,58,Male,Basic,30.48,South,Desktop,Apparel,6,5.2,4,3,5.0,21.52,22,0,0,0.0
376,26,Female,None,46.06,East,Tablet,Sports,5,7.2,3,0,21.37,4.24,8,0,0,0.0
377,44,Female,Basic,36.07,East,Mobile,Electronics,0,13.8,6,0,30.86,18.88,44,0,0,0.0
378,37,Female,None,86.37,North,Mobile,Books,5,1.5,7,2,12.95,48.08,43,0,0,0.0
379,59,Female,Premium,103.6,North,Mobile,Electronics,8,19.7,5,1,136.07,153.0,51,0,0,0.0
380,26,Male,None,49.2,North,Mobile,Books,3,8.5,5,0,,9.68,82,0,0,0.0
381,25,Male,None,69.75,South,Mobile,Home & Kitchen,5,7.6,2,2,23.05,48.89,213,0,0,0.0
382,28,Male,None,32.67,South,Mobile,Home & Kitchen,9,7.2,4,3,28.05,117.39,126,1,0,0.0
383,18,Male,None,54.68,West,Mobile,Books,5,6.3,1,5,5.0,0.0,7,1,0,0.0
384,29,Female,Basic,59.8,East,Mobile,Books,4,12.2,4,1,28.5,105.72,24,1,0,0.0
385,26,Male,None,52.05,West,Mobile,Beauty,3,3.7,3,0,23.75,0.0,17,0,0,0.0
386,36,Female,Premium,103.2,North,Mobile,Electronics,7,,11,6,143.9,809.44,11,0,0,0.0
387,38,None,None,64.08,East,Mobile,Home & Kitchen,2,6.5,3,1,63.29,51.95,47,0,0,0.0
388,55,Female,None,61.2,South,Mobile,Home & Kitchen,5,5.0,4,0,35.22,33.63,48,0,0,0.0
389,45,Male,None,23.21,Central,Mobile,Home & Kitchen,4,18.3,10,0,44.65,0.0,15,0,0,0.0
390,28,Female,None,30.62,West,Desktop,Beauty,4,9.7,5,2,25.77,50.13,74,0,0,0.0
391,25,Female,None,44.79,Central,Mobile,Electronics,6,10.5,3,1,75.64,115.26,79,0,0,0.0
392,40,Female,None,53.18,North,Desktop,Sports,3,12.6,3,0,63.57,49.73,1,0,0,0.0
393,20,Female,Basic,33.16,West,Mobile,Sports,6,2.3,3,2,32.23,29.59,30,1,0,0.0
394,55,Female,None,99.41,East,Mobile,Electronics,4,15.0,3,4,,612.4,132,0,0,0.0
395,47,Male,Basic,88.9,Central,Mobile,Beauty,5,1.0,3,1,36.0,5.19,44,1,0,0.0
396,29,Female,Basic,67.04,East,Desktop,Beauty,6,4.9,1,2,17.07,14.51,25,0,1,8.54
397,18,Male,None,46.2,East,Mobile,Beauty,5,6.2,4,1,14.65,0.0,17,0,0,0.0
398,49,Male,Basic,58.38,North,Mobile,Electronics,5,10.3,6,1,74.25,29.79,16,0,0,0.0
399,33,Male,Premium,62.27,West,Mobile,Beauty,8,12.9,5,9,,107.58,6,0,0,0.0
400,48,Male,Basic,63.29,South,Mobile,Apparel,8,7.3,2,3,63.02,195.64,101,1,0,0.0
401,18,Male,Basic,57.54,North,Mobile,Home & Kitchen,4,8.0,3,1,56.56,81.14,5,0,0,0.0
402,28,Male,None,25.55,North,Mobile,Sports,2,4.1,4,0,20.29,10.7,20,0,0,0.0
403,35,Female,Basic,64.02,Central,Mobile,Sports,6,2.0,4,2,,142.94,2,0,1,10.61
404,35,Female,Basic,55.21,South,Mobile,Electronics,3,10.9,6,0,130.27,43.91,91,0,0,0.0
405,30,Female,Basic,22.16,Central,Desktop,Beauty,5,10.8,3,0,5.0,0.0,2,0,0,0.0
406,41,Male,Premium,66.31,Central,Mobile,Books,7,,8,6,5.0,0.0,22,0,0,0.0
407,23,Male,None,38.96,Central,Mobile,Electronics,2,,2,0,22.26,0.0,51,0,0,0.0
408,33,Female,None,83.38,Central,Desktop,Sports,5,10.8,6,3,55.38,165.01,31,0,0,0.0
409,36,None,Basic,68.32,Central,Mobile,Sports,6,6.9,4,2,54.1,74.7,19,1,0,0.0
410,40,Male,Premium,57.46,South,Mobile,Sports,5,16.8,7,2,32.06,109.72,19,1,1,22.12
411,42,Female,None,60.85,North,Mobile,Apparel,0,12.1,4,0,18.41,99.0,95,0,0,0.0
412,22,Male,None,18.25,West,Mobile,Apparel,9,8.8,8,3,11.61,44.14,218,1,0,0.0
413,18,Female,None,64.39,East,Mobile,Books,4,6.6,3,1,5.0,9.22,25,0,0,0.0
414,49,Female,None,45.72,North,Desktop,Apparel,3,11.8,1,1,28.15,70.62,2,0,0,0.0
415,38,Male,Basic,57.21,West,Mobile,Electronics,6,10.6,4,2,95.51,97.73,2,0,0,0.0
416,26,Male,Basic,79.16,East,Mobile,Beauty,8,5.3,7,5,38.87,195.77,85,0,0,0.0
417,52,Female,None,31.93,Central,Desktop,Electronics,0,2.7,2,0,58.49,48.95,48,0,0,0.0
418,36,Male,None,25.15,West,Tablet,Sports,3,6.8,2,0,39.83,0.0,91,0,0,0.0
419,47,Male,None,43.1,East,Mobile,Beauty,6,14.1,9,3,19.45,0.0,71,0,1,12.23
420,35,Female,None,68.69,East,Desktop,Books,3,12.6,4,2,7.82,6.35,142,0,0,0.0
421,57,Male,Basic,37.25,East,Mobile,Sports,2,3.6,3,2,11.37,19.71,130,1,0,0.0
422,54,Female,Premium,34.72,Central,Desktop,Electronics,5,7.3,11,5,36.62,137.67,93,0,0,0.0
423,32,Female,Premium,70.98,North,Desktop,Home & Kitchen,9,17.1,2,2,51.99,208.79,38,1,1,53.68
424,45,Male,None,62.93,East,Mobile,Sports,2,3.5,5,0,59.94,0.0,22,0,0,0.0
425,42,Male,Premium,103.7,West,Mobile,Home & Kitchen,9,14.0,3,2,98.19,138.7,42,0,1,198.61
426,50,Male,Basic,54.16,East,Mobile,Books,6,5.5,4,2,22.6,40.52,41,0,0,0.0
427,24,Male,Basic,47.29,South,Mobile,Sports,4,14.5,4,1,10.84,56.23,56,0,0,0.0
428,42,Male,Basic,80.87,South,Mobile,Electronics,6,4.9,5,2,132.15,265.17,12,0,0,0.0
429,46,Female,None,19.64,South,Desktop,Books,7,12.6,7,3,5.0,39.28,63,0,0,0.0
430,18,Male,None,37.91,South,Mobile,Electronics,2,8.7,2,0,26.52,0.0,36,0,0,0.0
431,21,Female,None,49.23,Central,Mobile,Electronics,3,9.0,4,0,54.23,74.38,58,0,0,0.0
432,18,Female,None,52.99,East,Desktop,Sports,3,1.0,4,0,87.83,28.09,16,0,0,0.0
433,32,Female,None,39.92,South,Mobile,Books,3,1.0,1,0,5.0,52.39,34,0,0,0.0
434,42,Female,Basic,60.72,South,Mobile,Home & Kitchen,6,7.1,6,3,46.93,159.05,14,0,0,0.0
435,51,Male,Basic,18.01,North,Mobile,Apparel,4,9.0,3,1,,46.24,124,0,1,1.43
436,35,Female,Basic,46.15,Central,Mobile,Apparel,6,,2,3,19.18,13.89,40,0,0,0.0
437,52,None,None,63.26,South,Mobile,Apparel,2,3.6,2,1,14.74,0.0,15,0,0,0.0
438,19,None,Premium,57.52,Central,Desktop,Apparel,5,14.2,4,2,30.47,128.26,2,1,0,0.0
439,18,Male,Premium,75.96,South,Mobile,Apparel,10,14.3,17,4,57.97,309.87,67,1,1,122.41
440,34,Female,Basic,65.74,Central,Mobile,Beauty,7,7.4,4,1,27.32,0.0,14,0,0,0.0
441,39,Male,Premium,75.03,South,Mobile,Books,5,,8,3,5.0,27.49,273,1,0,0.0
442,34,Male,Basic,60.77,North,Mobile,Apparel,7,,3,2,22.28,23.01,45,1,0,0.0
443,18,Male,Premium,57.57,North,Mobile,Apparel,11,10.6,10,1,16.6,0.0,20,0,1,45.6
444,34,Male,None,45.98,West,Mobile,Sports,5,14.6,6,0,34.16,14.24,64,1,0,0.0
445,20,Female,None,56.48,South,Desktop,Sports,7,8.3,3,2,67.27,191.59,19,0,0,0.0
446,42,Female,None,54.93,East,Mobile,Books,3,8.5,4,1,5.81,28.39,102,0,0,0.0
447,39,Female,None,40.64,Central,Mobile,Electronics,4,17.2,2,0,50.26,0.0,22,1,0,0.0
448,24,Male,None,50.74,South,Mobile,Electronics,5,2.4,3,1,100.5,126.24,266,0,0,0.0
449,29,Male,Basic,69.06,South,Desktop,Home & Kitchen,10,11.2,6,2,78.3,138.6,55,0,0,0.0
450,23,Female,Basic,17.5,Central,Mobile,Beauty,8,14.7,1,2,17.08,54.77,111,0,0,0.0
451,34,None,Basic,78.56,East,Mobile,Home & Kitchen,4,6.7,4,1,108.3,178.12,4,0,0,0.0
452,45,Male,None,46.95,Central,Mobile,Beauty,2,11.4,2,0,24.82,0.0,25,0,0,0.0
453,24,Female,Premium,84.36,South,Mobile,Apparel,12,,9,2,5.0,49.86,80,0,1,6.58
454,40,Male,Basic,81.05,South,Mobile,Home & Kitchen,5,5.3,4,1,87.98,11.03,63,0,0,0.0
455,29,Female,None,23.51,North,Desktop,Beauty,2,9.5,5,0,5.0,61.42,12,0,0,0.0
456,26,Male,Basic,42.53,Central,Tablet,Home & Kitchen,5,11.2,1,2,46.47,61.09,26,0,0,0.0
457,33,Male,None,44.21,Central,Mobile,Beauty,5,12.5,3,1,5.0,0.0,18,0,0,0.0
458,23,Male,None,32.29,Central,Mobile,Home & Kitchen,2,14.3,3,0,19.08,34.76,57,0,0,0.0
459,28,Female,Premium,109.13,South,Mobile,Apparel,10,11.7,8,6,45.11,288.87,25,0,0,0.0
460,21,Female,None,30.38,Central,Mobile,Apparel,3,12.8,2,2,5.0,0.0,22,0,1,4.8
461,56,Female,Basic,54.3,South,Mobile,Home & Kitchen,2,6.6,6,1,40.81,0.0,13,0,0,0.0
462,35,Female,Premium,83.68,East,Mobile,Electronics,5,15.6,5,3,127.76,373.91,31,1,0,0.0
463,27,Male,Basic,33.96,Central,Mobile,Beauty,6,8.8,1,0,5.0,0.0,13,0,0,0.0
464,37,Female,None,43.48,North,Mobile,Sports,2,,10,3,42.21,73.56,197,0,0,0.0
465,33,Male,None,55.11,South,Mobile,Apparel,1,9.7,2,0,7.14,5.78,10,0,0,0.0
466,32,None,None,43.11,South,Mobile,Electronics,2,1.6,4,0,51.39,0.0,146,0,0,0.0
467,41,Male,Basic,58.12,Central,Mobile,Books,6,3.5,1,5,15.78,100.23,33,0,0,0.0
468,43,None,None,42.87,South,Mobile,Apparel,2,8.4,6,0,5.0,74.51,28,0,0,0.0
469,29,Male,None,20.94,South,Mobile,Electronics,5,1.3,2,3,5.0,7.57,15,0,0,0.0
470,28,Male,Premium,83.69,Central,Mobile,Apparel,8,,1,6,50.01,306.57,60,0,0,0.0
471,31,Female,Basic,88.39,South,Desktop,Sports,4,11.5,2,1,86.1,187.0,69,1,1,66.54
472,18,Male,None,45.23,South,Mobile,Apparel,4,9.3,7,0,20.13,0.0,37,1,0,0.0
473,18,Male,Basic,56.95,West,Mobile,Beauty,5,3.5,5,1,9.08,68.64,3,0,0,0.0
474,50,Male,Basic,74.97,Central,Mobile,Home & Kitchen,4,,5,2,69.09,191.72,150,0,0,0.0
475,53,Male,None,32.55,North,Mobile,Electronics,4,16.1,6,0,42.77,42.72,235,0,0,0.0
476,32,Female,None,79.75,West,Mobile,Apparel,0,8.6,7,0,43.14,64.59,33,0,0,0.0
477,41,Female,Premium,85.44,North,Mobile,Sports,9,14.0,7,3,10.95,46.88,57,1,1,3.7
478,38,Female,Basic,88.27,East,Mobile,Beauty,4,8.8,6,0,6.86,0.0,35,0,0,0.0
479,68,Female,Basic,54.71,South,Mobile,Electronics,6,8.1,3,2,53.12,160.97,23,0,1,11.89
480,47,Male,None,86.33,South,Mobile,Electronics,6,7.5,4,2,113.52,283.68,4,1,1,49.95
481,33,Female,None,63.35,East,Mobile,Beauty,3,7.9,1,1,23.99,79.26,36,0,0,0.0
482,24,Male,None,56.65,Central,Mobile,Sports,4,,3,1,53.51,55.74,102,0,0,0.0
483,18,Male,None,49.11,West,Mobile,Apparel,3,17.4,4,1,28.72,0.0,1,0,0,0.0
484,37,Female,None,46.13,Central,Desktop,Beauty,1,2.4,3,0,5.0,9.57,52,0,0,0.0
485,26,Male,None,68.91,West,Mobile,Electronics,5,7.6,2,0,117.14,47.11,127,1,0,0.0
486,19,Female,Premium,77.73,North,Tablet,Apparel,8,7.3,7,3,62.75,239.47,14,0,1,25.42
487,27,Male,Premium,42.19,South,Mobile,Electronics,8,18.4,3,1,28.84,7.36,12,0,0,0.0
488,23,Female,Basic,34.29,Central,Mobile,Sports,7,5.6,6,2,31.34,78.45,88,0,0,0.0
489,53,Female,Premium,82.05,West,Mobile,Home & Kitchen,6,6.2,3,2,,55.16,17,0,0,0.0
490,44,Female,None,58.28,Central,Mobile,Sports,3,10.6,5,0,44.74,49.25,12,0,0,0.0
491,34,Female,Premium,78.68,North,Desktop,Sports,6,19.0,6,5,77.72,349.43,28,1,0,0.0
492,51,Female,None,76.74,South,Mobile,Sports,2,10.7,2,0,97.85,39.26,29,0,0,0.0
493,35,Male,Premium,44.88,South,Mobile,Apparel,4,12.8,5,2,36.57,15.67,124,0,1,16.24
494,25,Female,Premium,79.58,South,Mobile,Apparel,5,13.6,14,3,44.1,183.87,57,0,1,26.84
495,51,Male,Basic,30.08,South,Mobile,Books,5,13.7,9,6,5.0,46.09,31,0,1,1.69
496,40,Female,Premium,95.17,East,Mobile,Sports,8,,10,1,72.17,33.1,45,1,1,16.91
497,23,Female,Basic,52.7,West,Desktop,Sports,9,7.6,6,3,65.14,229.99,184,0,0,0.0
498,32,Female,None,56.65,South,Mobile,Electronics,1,6.2,2,0,71.62,0.0,7,0,0,0.0
499,25,Male,None,31.45,North,Mobile,Apparel,5,3.3,3,1,5.0,42.48,13,1,0,0.0
500,19,Male,Basic,76.23,West,Mobile,Sports,7,6.7,1,0,22.49,0.0,197,0,0,0.0
501,45,Female,None,71.75,East,Desktop,Electronics,4,12.4,6,1,102.1,16.05,189,0,0,0.0
502,56,Male,Basic,74.8,East,Desktop,Beauty,4,10.3,7,3,28.88,37.52,11,0,0,0.0
503,19,Male,Premium,72.87,East,Mobile,Home & Kitchen,7,14.6,5,2,51.21,80.9,9,0,0,0.0
504,41,Male,None,62.24,Central,Desktop,Electronics,4,8.6,4,0,100.19,68.41,32,0,0,0.0
505,27,Female,Basic,42.88,East,Mobile,Apparel,5,10.1,7,0,12.15,45.06,3,0,0,0.0
506,29,Female,Premium,93.6,Central,Mobile,Apparel,8,8.8,10,4,42.24,250.15,63,0,0,0.0
507,28,Male,Premium,107.59,East,Mobile,Electronics,7,10.8,7,6,137.38,906.96,4,1,1,66.26
508,25,Male,Premium,96.27,South,Mobile,Beauty,9,12.8,9,4,23.79,68.42,3,1,1,6.93
509,35,Male,Basic,44.87,South,Mobile,Apparel,3,9.1,5,1,26.25,16.83,39,0,0,0.0
510,25,Female,Premium,83.51,East,Mobile,Apparel,12,13.3,6,5,63.12,295.04,189,0,1,62.21
511,37,Female,Basic,35.32,East,Mobile,Books,8,7.4,2,2,5.0,0.0,33,0,0,0.0
512,34,Male,None,60.0,West,Mobile,Home & Kitchen,1,6.5,2,1,62.57,0.0,26,0,0,0.0
513,32,None,Basic,65.21,South,Desktop,Home & Kitchen,4,20.6,4,3,60.83,181.75,371,0,0,0.0
514,25,Male,Basic,21.34,West,Desktop,Sports,7,11.6,5,2,18.44,0.0,45,1,0,0.0
515,28,Female,None,26.99,West,Mobile,Books,5,9.7,3,0,21.76,0.0,28,1,0,0.0
516,43,Female,Basic,55.3,West,Mobile,Electronics,5,7.1,1,2,71.77,249.33,29,1,0,0.0
517,40,Male,Basic,54.08,East,Mobile,Home & Kitchen,2,,6,2,57.19,88.91,13,1,0,0.0
518,24,Male,None,24.93,Central,Desktop,Beauty,6,7.5,2,4,22.29,98.9,43,0,0,0.0
519,36,Male,Basic,65.3,South,Mobile,Apparel,4,9.2,7,0,21.26,45.33,34,0,0,0.0
520,43,Female,Basic,64.93,North,Mobile,Sports,4,1.0,5,2,52.73,119.47,18,0,0,0.0
521,18,Male,Basic,49.4,Central,Mobile,Books,9,1.7,5,1,5.0,19.62,10,0,1,3.12
522,40,Female,None,37.9,North,Desktop,Books,7,5.5,4,0,5.0,0.0,22,0,0,0.0
523,27,Female,None,66.48,West,Mobile,Apparel,3,8.8,3,2,25.47,39.35,42,0,0,0.0
524,41,Male,None,81.6,North,Mobile,Apparel,1,7.0,5,0,48.59,0.0,3,0,0,0.0
525,26,Male,Premium,68.6,North,Mobile,Books,5,17.9,8,3,12.61,80.13,10,0,1,14.25
526,18,Male,None,33.88,North,Tablet,Home & Kitchen,5,2.1,3,1,37.71,0.0,176,1,0,0.0
527,18,Female,Basic,61.74,South,Mobile,Apparel,7,5.0,6,5,29.28,194.95,46,0,1,24.03
528,35,Female,None,43.56,North,Mobile,Sports,1,14.1,7,0,5.0,0.0,3,0,0,0.0
529,37,None,None,48.09,North,Mobile,Apparel,4,8.5,2,1,23.71,71.84,70,0,0,0.0
530,25,Female,Premium,90.31,West,Mobile,Apparel,13,15.5,10,3,44.62,116.17,3,1,1,31.67
531,42,Male,Basic,25.73,West,Mobile,Books,7,16.2,7,0,8.97,0.0,80,1,0,0.0
532,18,Female,None,68.63,Central,Desktop,Electronics,4,5.2,2,0,75.97,28.96,83,0,0,0.0
533,34,Female,None,51.01,Central,Desktop,Electronics,5,7.6,9,1,41.38,87.82,63,0,0,0.0
534,21,Male,None,38.39,East,Mobile,Apparel,5,6.9,5,2,30.92,39.94,79,0,0,0.0
535,27,Female,Basic,53.99,Central,Mobile,Beauty,5,1.0,6,3,11.8,71.43,5,0,0,0.0
536,35,Female,Basic,57.32,East,Mobile,Electronics,3,6.8,4,3,76.79,116.12,77,0,0,0.0
537,25,Female,None,15.84,East,Mobile,Home & Kitchen,7,11.5,3,1,8.31,0.0,8,0,0,0.0
538,30,Female,None,75.41,West,Mobile,Beauty,3,10.2,6,1,24.01,88.63,24,0,0,0.0
539,46,Female,None,54.04,North,Mobile,Sports,4,10.5,7,0,29.92,0.0,171,0,0,0.0
540,28,Female,Premium,85.87,Central,Mobile,Apparel,2,10.5,12,1,21.86,0.0,41,0,0,0.0
541,44,Male,Premium,99.83,East,Mobile,Sports,6,9.4,6,2,81.35,127.76,205,1,0,0.0
542,22,Male,None,27.72,North,Desktop,Apparel,4,13.1,3,2,5.0,0.0,5,0,0,0.0
543,40,Female,Basic,68.02,North,Mobile,Beauty,5,6.0,1,1,25.05,16.75,38,0,1,7.25
544,50,Male,None,49.68,North,Desktop,Home & Kitchen,3,,4,0,51.93,0.0,3,0,0,0.0
545,18,Male,None,60.14,Central,Desktop,Electronics,4,8.7,3,0,65.24,8.95,59,0,0,0.0
546,26,Male,Basic,17.01,Central,Desktop,Sports,6,13.8,5,2,5.0,6.53,4,0,0,0.0
547,41,Male,Premium,80.02,South,Mobile,Apparel,6,15.9,6,1,,154.92,11,0,0,0.0
548,32,Female,Premium,68.25,South,Mobile,Electronics,7,6.8,7,5,76.8,405.23,17,1,1,31.6
549,39,Female,Basic,66.98,North,Mobile,Apparel,4,3.2,2,2,44.62,112.12,82,0,0,0.0
550,28,Male,None,56.36,Central,Desktop,Beauty,6,10.3,2,1,56.82,115.08,10,0,0,0.0
551,35,Male,Basic,45.26,North,Mobile,Apparel,4,7.7,5,1,37.52,18.08,112,0,0,0.0
552,33,Male,None,36.58,Central,Desktop,Apparel,2,6.2,3,0,11.55,0.0,8,0,1,6.72
553,47,Female,Basic,59.61,West,Mobile,Electronics,4,12.1,8,4,74.96,360.19,2,0,1,26.57
554,37,Female,None,34.46,Central,Mobile,Home & Kitchen,0,8.7,3,0,13.67,6.79,30,0,0,0.0
555,38,Male,Basic,74.06,East,Mobile,Home & Kitchen,2,8.2,3,3,82.81,255.4,233,0,0,0.0
556,30,Female,None,41.85,West,Desktop,Apparel,3,11.1,5,0,31.41,0.0,7,0,0,0.0
557,29,Female,None,8.0,West,Mobile,Electronics,7,6.5,4,2,5.0,0.0,6,0,1,4.44
558,30,Female,Premium,71.75,Central,Mobile,Home & Kitchen,7,18.3,8,3,42.3,169.24,83,0,0,0.0
559,39,Female,None,32.51,Central,Mobile,Sports,3,4.8,2,3,,64.23,22,0,0,0.0
560,30,Male,Basic,27.14,East,Mobile,Sports,5,10.6,5,1,,78.46,75,0,1,34.79
561,38,Female,None,28.63,West,Mobile,Books,5,13.7,4,1,6.99,46.64,13,0,0,0.0
562,57,Male,None,58.57,Central,Mobile,Electronics,0,2.5,3,0,79.27,28.45,36,0,0,0.0
563,44,Female,None,76.62,Central,Mobile,Books,3,6.6,10,1,5.0,11.58,18,0,0,0.0
564,31,Female,None,54.44,West,Mobile,Apparel,3,12.6,5,2,5.0,1.23,36,0,0,0.0
565,48,None,Premium,72.98,North,Desktop,Books,3,16.6,9,4,30.93,184.24,87,0,0,0.0
566,30,Female,None,56.71,North,Tablet,Apparel,0,7.3,6,0,28.06,0.0,86,0,0,0.0
567,18,Male,Premium,66.64,Central,Mobile,Home & Kitchen,6,9.1,6,2,76.79,172.08,43,0,0,0.0
568,23,Female,Basic,41.9,North,Mobile,Apparel,8,11.8,2,2,,0.0,158,0,0,0.0
569,18,Female,None,24.12,North,Mobile,Apparel,1,12.7,3,0,6.84,0.0,18,0,0,0.0
570,31,Female,Basic,25.27,South,Tablet,Sports,5,3.3,7,2,32.46,53.11,16,0,0,0.0
571,35,Male,Basic,50.98,West,Mobile,Sports,4,3.2,4,2,51.35,62.5,57,1,0,0.0
572,53,Male,Basic,66.24,East,Mobile,Books,8,8.9,3,2,26.55,92.99,58,0,0,0.0
573,38,Male,None,49.16,South,Mobile,Beauty,2,10.5,9,0,9.83,0.0,2,0,0,0.0
574,32,Female,None,41.61,North,Mobile,Home & Kitchen,0,6.8,5,0,48.91,4.96,56,0,0,0.0
575,44,Female,Premium,65.68,West,Mobile,Electronics,8,14.7,6,6,106.25,644.13,28,0,0,0.0
576,18,Male,Premium,85.85,Central,Desktop,Books,3,9.2,6,2,11.64,0.0,82,0,1,16.39
577,37,Female,Premium,56.89,North,Mobile,Home & Kitchen,5,3.5,6,2,39.79,57.53,99,1,1,31.02
578,43,Female,None,66.37,North,Mobile,Sports,5,6.3,5,1,74.64,87.42,48,0,0,0.0
579,18,None,Basic,34.86,West,Mobile,Home & Kitchen,7,8.3,5,3,17.59,74.21,0,0,0,0.0
580,47,Female,Basic,48.06,Central,Desktop,Home & Kitchen,5,6.9,2,2,54.88,99.54,60,1,0,0.0
581,38,Female,Basic,32.5,Central,Mobile,Books,5,,2,3,5.0,48.84,82,0,0,0.0
582,30,Female,None,39.47,West,Mobile,Electronics,2,1.0,1,0,13.69,0.0,17,0,0,0.0
583,41,Male,Basic,77.36,Central,Mobile,Apparel,5,5.9,2,3,59.7,179.78,37,0,0,0.0
584,59,Female,None,66.48,North,Desktop,Electronics,0,11.6,1,0,29.94,12.58,202,0,0,0.0
585,37,Female,None,68.21,North,Mobile,Sports,2,13.0,4,0,9.43,46.35,21,0,0,0.0
586,37,Female,Premium,90.0,West,Mobile,Electronics,4,16.8,6,4,125.75,469.21,15,0,1,35.68
587,29,Female,None,28.33,Central,Mobile,Electronics,7,4.7,8,2,46.8,69.26,14,1,1,89.71
588,25,Female,None,41.05,East,Desktop,Apparel,6,,3,0,6.95,0.0,49,0,0,0.0
589,44,Male,None,38.66,Central,Mobile,Home & Kitchen,4,10.0,3,1,36.98,20.37,179,0,0,0.0
590,25,Male,Premium,100.95,Central,Mobile,Home & Kitchen,8,14.5,8,7,38.21,338.78,56,1,1,18.24
591,35,Male,Basic,36.46,West,Mobile,Electronics,5,9.6,2,0,60.81,28.64,21,0,0,0.0
592,29,Male,None,64.29,North,Mobile,Books,6,1.0,3,0,15.28,0.0,61,0,0,0.0
593,40,Female,Premium,97.57,North,Mobile,Books,13,8.5,11,0,14.7,0.0,58,0,0,0.0
594,38,Female,Premium,113.83,Central,Tablet,Apparel,8,11.9,8,3,55.06,183.82,54,0,0,0.0
595,46,Male,None,45.93,North,Mobile,Sports,2,9.9,3,0,42.93,0.0,10,0,0,0.0
596,29,Male,Basic,69.02,North,Desktop,Beauty,6,11.1,2,2,21.51,6.75,60,0,1,24.55
597,32,Female,Basic,98.17,Central,Mobile,Apparel,4,8.6,4,5,9.64,115.45,33,0,0,0.0
598,24,Male,Basic,43.58,Central,Desktop,Apparel,6,9.3,10,4,64.85,228.73,1,0,1,17.74
599,30,Female,None,20.87,North,Mobile,Home & Kitchen,2,8.3,4,0,42.38,47.73,46,0,0,0.0
600,39,Female,Premium,47.36,Central,Mobile,Home & Kitchen,7,14.7,6,3,15.98,110.71,272,1,0,0.0
601,43,Female,Basic,73.23,North,Mobile,Apparel,6,,3,1,28.25,0.0,25,0,0,0.0
602,24,Male,None,12.8,South,Mobile,Sports,6,8.3,1,0,5.0,0.0,202,0,0,0.0
603,44,Male,None,46.0,West,Mobile,Home & Kitchen,1,6.9,7,0,62.06,0.0,6,0,0,0.0
604,49,Female,None,62.07,West,Mobile,Beauty,1,8.3,3,0,5.0,0.0,79,0,0,0.0
605,39,Female,None,54.53,North,Mobile,Apparel,4,,4,1,16.19,22.24,7,0,0,0.0
606,55,Male,Basic,71.66,South,Mobile,Home & Kitchen,8,9.1,4,4,27.85,101.12,19,1,0,0.0
607,26,Female,None,51.3,North,Desktop,Apparel,5,9.5,7,3,18.92,74.79,50,0,0,0.0
608,21,Male,None,68.82,Central,Mobile,Home & Kitchen,7,13.4,1,1,51.11,120.96,53,0,0,0.0
609,18,Female,Basic,35.76,West,Desktop,Sports,7,9.1,4,0,27.34,40.87,89,0,0,0.0
610,51,Male,None,42.61,South,Desktop,Sports,2,5.4,4,1,,43.04,57,0,0,0.0
611,42,Female,Premium,68.19,North,Mobile,Apparel,2,15.5,7,1,17.71,0.0,54,1,0,0.0
612,34,Male,None,64.64,East,Mobile,Beauty,3,2.5,1,0,33.08,22.17,146,0,0,0.0
613,38,Male,None,67.11,West,Mobile,Books,5,3.7,2,2,19.83,125.79,36,0,0,0.0
614,22,Male,None,54.22,Central,Mobile,Beauty,4,9.3,1,0,28.38,0.0,15,0,0,0.0
615,61,Male,None,79.1,South,Mobile,Electronics,4,8.1,4,0,97.71,34.47,10,1,0,0.0
616,36,Female,None,29.1,Central,Mobile,Beauty,3,3.0,2,0,5.0,0.0,30,0,0,0.0
617,36,Female,Basic,88.31,East,Mobile,Electronics,5,6.5,1,0,110.66,0.0,74,0,0,0.0
618,42,Male,Premium,109.52,South,Mobile,Books,8,9.6,5,2,27.55,95.16,2,0,1,24.69
619,40,Male,None,64.74,South,Mobile,Home & Kitchen,1,6.1,3,0,13.44,85.49,8,0,0,0.0
620,37,Female,Basic,90.67,East,Desktop,Home & Kitchen,6,,4,3,87.67,301.77,6,1,0,0.0
621,26,Female,Basic,25.48,Central,Mobile,Electronics,4,10.8,5,2,38.8,59.04,52,0,0,0.0
622,40,Female,Premium,72.06,West,Mobile,Home & Kitchen,1,11.9,2,2,64.66,82.15,16,0,0,0.0
623,55,Male,None,42.76,East,Desktop,Books,1,5.8,4,1,5.0,12.23,10,0,0,0.0
624,49,Male,None,67.19,North,Mobile,Electronics,2,2.6,6,0,34.68,43.66,53,0,0,0.0
625,52,Female,None,36.2,North,Mobile,Home & Kitchen,3,13.7,4,0,23.06,0.0,85,0,0,0.0
626,29,Male,Basic,69.83,East,Mobile,Books,7,10.4,2,2,46.96,79.4,24,0,1,35.77
627,24,Female,Premium,101.37,West,Mobile,Home & Kitchen,7,,8,6,89.46,677.86,51,0,0,0.0
628,33,Male,None,61.91,West,Mobile,Home & Kitchen,1,10.9,4,0,48.34,53.93,6,0,0,0.0
629,35,Female,None,55.11,South,Mobile,Beauty,1,,1,0,17.97,57.51,164,0,0,0.0
630,47,Male,Premium,65.82,North,Mobile,Home & Kitchen,4,10.9,15,4,65.02,187.07,24,0,0,0.0
631,18,Female,Premium,59.66,South,Mobile,Electronics,9,13.7,9,1,89.54,54.18,359,1,0,0.0
632,51,Female,Premium,107.29,Central,Mobile,Electronics,6,9.0,3,5,132.75,667.48,230,0,0,0.0
633,33,Female,Basic,71.43,East,Mobile,Beauty,7,6.6,3,1,31.36,0.0,90,0,0,0.0
634,30,Male,None,47.8,South,Desktop,Books,2,8.5,5,0,41.18,80.02,1,0,0,0.0
635,23,Female,Basic,46.88,South,Mobile,Electronics,9,6.0,2,4,80.13,391.04,47,0,0,0.0
636,18,Female,Basic,16.44,North,Mobile,Apparel,8,10.7,3,5,54.7,246.82,5,0,0,0.0
637,44,Female,None,33.42,East,Mobile,Apparel,1,,4,0,5.0,89.2,135,0,0,0.0
638,35,Female,Basic,92.41,Central,Desktop,Sports,3,5.0,3,2,100.06,199.91,93,0,0,0.0
639,20,Female,Basic,30.45,Central,Desktop,Apparel,4,1.3,4,0,5.0,129.47,215,0,0,0.0
640,20,Female,None,48.91,East,Desktop,Books,6,1.0,4,1,14.9,22.13,56,1,0,0.0
641,31,Male,Basic,74.93,North,Mobile,Electronics,7,7.4,4,4,110.56,471.05,44,0,1,211.69
642,53,Female,Basic,40.81,West,Desktop,Books,4,5.3,4,3,5.0,85.0,43,0,0,0.0
643,32,Female,Premium,82.42,West,Mobile,Beauty,7,12.8,10,1,28.13,92.01,29,1,1,35.5
644,18,None,None,61.78,North,Mobile,Beauty,3,8.5,1,0,37.98,25.54,37,0,0,0.0
645,32,Male,None,49.32,Central,Mobile,Apparel,1,1.6,6,1,9.47,2.41,60,0,0,0.0
646,32,Male,Basic,108.73,Central,Mobile,Sports,5,1.0,2,2,111.67,249.05,162,0,0,0.0
647,18,Female,None,14.87,East,Mobile,Electronics,7,9.2,2,3,5.0,0.0,54,0,0,0.0
648,34,Female,Basic,76.76,East,Mobile,Electronics,3,8.5,5,3,137.05,418.76,116,0,0,0.0
649,32,Female,Basic,53.99,West,Desktop,Home & Kitchen,8,6.3,4,3,67.54,147.15,119,0,0,0.0
650,42,Female,None,65.99,West,Desktop,Sports,6,1.4,6,1,45.72,0.0,43,0,0,0.0
651,55,Male,Basic,71.94,North,Mobile,Sports,6,9.9,7,1,43.74,46.26,25,0,0,0.0
652,47,Male,Basic,48.4,North,Mobile,Home & Kitchen,5,13.1,3,1,32.45,95.56,61,0,0,0.0
653,32,Male,None,53.22,North,Desktop,Beauty,2,9.1,1,0,14.31,46.29,35,0,0,0.0
654,22,Male,Premium,42.66,West,Desktop,Electronics,5,8.6,12,3,53.63,156.79,5,0,1,21.55
655,63,Male,Premium,99.26,East,Mobile,Sports,7,10.2,14,3,96.57,377.06,28,1,0,0.0
656,35,None,Basic,63.37,East,Mobile,Sports,5,2.5,4,0,85.0,0.0,307,0,0,0.0
657,35,Female,Basic,69.5,West,Mobile,Beauty,4,12.2,5,1,26.23,0.0,2,0,0,0.0
658,34,Female,Basic,76.75,South,Mobile,Home & Kitchen,7,8.3,3,4,50.63,93.41,71,0,0,0.0
659,37,Female,Premium,87.22,West,Mobile,Books,13,4.9,5,5,5.0,0.0,110,1,0,0.0
660,33,Female,Basic,60.07,East,Mobile,Books,2,6.8,4,0,5.95,40.83,62,0,0,0.0
661,28,Female,Basic,40.04,South,Mobile,Beauty,7,9.9,5,0,5.0,0.0,50,0,0,0.0
662,28,Male,Premium,65.08,South,Mobile,Apparel,7,10.7,7,1,7.66,30.71,73,0,0,0.0
663,34,Female,None,71.06,Central,Desktop,Beauty,0,,3,0,64.68,82.31,33,0,0,0.0
664,29,Female,Premium,104.05,West,Mobile,Beauty,5,7.1,3,3,39.35,63.05,5,1,0,0.0
665,27,Male,None,43.31,North,Mobile,Home & Kitchen,2,10.3,3,0,21.45,23.92,196,0,0,0.0
666,36,Male,None,51.13,Central,Desktop,Apparel,4,5.4,8,2,40.87,108.69,33,0,0,0.0
667,32,Female,None,32.82,West,Mobile,Home & Kitchen,3,1.0,2,1,5.31,0.0,65,1,0,0.0
668,51,Male,Premium,105.91,North,Mobile,Beauty,9,10.5,4,4,11.97,115.59,45,1,0,0.0
669,18,Female,Premium,86.88,North,Mobile,Home & Kitchen,13,15.9,2,5,60.39,287.56,3,0,0,0.0
670,47,Female,Basic,96.54,South,Desktop,Apparel,3,6.5,3,2,79.43,139.67,183,0,0,0.0
671,48,Male,Basic,46.09,West,Tablet,Sports,3,15.0,7,2,28.13,161.84,94,0,0,0.0
672,18,Male,Basic,46.1,West,Mobile,Home & Kitchen,6,9.7,5,1,5.0,31.14,9,0,0,0.0
673,31,Male,Premium,82.97,South,Desktop,Electronics,8,13.4,11,7,130.4,959.06,239,0,0,0.0
674,30,Male,Basic,68.14,East,Mobile,Apparel,7,7.5,4,3,26.58,147.48,80,1,0,0.0
675,19,Male,None,41.32,North,Desktop,Books,3,7.7,4,0,5.0,0.0,38,0,0,0.0
676,26,Female,None,31.59,North,Desktop,Sports,4,6.9,5,1,16.41,78.9,56,1,0,0.0
677,22,Male,Basic,69.97,East,Mobile,Apparel,8,6.8,4,2,44.01,62.93,6,0,0,0.0
678,54,Female,Basic,76.68,South,Desktop,Books,7,10.1,5,3,20.35,33.82,49,0,0,0.0
679,45,Male,None,36.51,East,Mobile,Electronics,1,4.3,7,0,82.7,0.0,4,0,0,0.0
680,48,Female,None,78.3,Central,Mobile,Books,5,3.7,3,0,5.0,0.0,47,0,0,0.0
681,42,Male,Premium,103.16,North,Desktop,Apparel,11,7.5,9,3,50.45,192.46,48,1,0,0.0
682,22,Male,None,48.52,North,Mobile,Electronics,5,16.2,4,0,,13.36,124,1,0,0.0
683,29,Female,Basic,57.63,North,Mobile,Home & Kitchen,6,10.1,2,3,19.87,35.05,77,0,0,0.0
684,40,Female,Premium,91.47,East,Mobile,Apparel,12,13.2,12,7,61.62,465.07,17,0,1,76.81
685,21,Male,None,30.29,West,Desktop,Home & Kitchen,4,3.8,3,1,35.92,22.16,131,1,0,0.0
686,42,Female,None,52.64,East,Desktop,Sports,1,,4,0,43.57,0.0,51,0,0,0.0
687,32,Male,Basic,18.36,East,Mobile,Sports,2,7.5,7,0,21.76,2.43,55,0,0,0.0
688,30,Female,Premium,94.28,South,Mobile,Home & Kitchen,11,12.9,9,7,69.26,507.99,11,0,1,106.71
689,42,Male,Basic,31.99,South,Tablet,Home & Kitchen,8,,4,4,8.04,51.65,117,0,0,0.0
690,39,Male,Premium,108.26,South,Mobile,Electronics,9,12.6,12,2,139.33,260.5,160,0,0,0.0
691,31,Female,None,42.86,West,Desktop,Electronics,3,6.3,2,3,78.09,276.63,89,0,0,0.0
692,47,Female,Basic,57.79,North,Desktop,Beauty,3,4.9,1,1,50.65,39.53,169,0,0,0.0
693,23,Male,Basic,43.1,West,Mobile,Electronics,5,10.9,5,1,71.08,38.33,21,0,0,0.0
694,41,Female,Premium,76.62,East,Mobile,Sports,7,5.8,7,3,55.75,93.85,118,0,0,0.0
695,41,Female,None,77.33,South,Mobile,Home & Kitchen,4,10.3,6,1,73.45,122.61,40,0,0,0.0
696,31,Male,Premium,34.02,East,Mobile,Apparel,9,14.7,6,1,16.56,17.18,10,0,1,16.89
697,38,Female,Basic,81.89,Central,Mobile,Home & Kitchen,4,4.5,3,1,51.54,62.08,66,0,0,0.0
698,21,Male,None,51.88,North,Desktop,Apparel,4,4.7,2,1,25.4,77.69,69,0,0,0.0
699,45,Female,None,31.27,North,Desktop,Home & Kitchen,3,7.1,7,1,5.0,0.0,20,0,0,0.0
700,32,Female,Premium,59.74,East,Mobile,Sports,5,13.1,5,5,40.53,133.93,1,0,1,34.23
701,29,Female,None,78.38,West,Desktop,Home & Kitchen,5,,4,2,101.7,206.89,13,0,0,0.0
702,46,Male,None,36.28,North,Mobile,Electronics,1,9.7,7,0,62.9,15.4,30,0,0,0.0
703,27,Male,None,26.84,Central,Mobile,Sports,3,15.1,2,0,5.0,0.0,11,0,0,0.0
704,19,Male,Premium,95.67,West,Mobile,Apparel,5,,3,2,44.47,162.63,12,0,0,0.0
705,18,Male,Basic,58.99,Central,Desktop,Sports,3,1.1,5,2,25.79,0.0,29,0,0,0.0
706,41,Male,Basic,42.92,South,Mobile,Home & Kitchen,3,11.3,3,1,36.52,92.52,195,0,0,0.0
707,20,Female,None,49.4,Central,Mobile,Home & Kitchen,9,14.7,7,4,,296.72,86,0,1,18.09
708,54,Male,Basic,45.24,South,Mobile,Sports,4,9.6,5,2,45.63,114.1,23,0,0,0.0
709,18,Male,Basic,72.71,South,Mobile,Sports,12,3.6,10,3,102.03,139.29,181,1,1,96.84
710,53,Female,Premium,104.5,Central,Mobile,Electronics,7,11.5,9,2,157.61,379.41,62,1,0,0.0
711,37,Male,Premium,90.18,North,Mobile,Apparel,7,,4,1,47.37,0.0,36,0,1,15.14
712,33,Female,None,55.91,Central,Desktop,Books,2,10.6,4,0,22.49,0.0,37,0,0,0.0
713,29,Male,Basic,87.9,East,Mobile,Electronics,5,2.6,4,2,108.46,208.39,31,1,1,121.69
714,39,Female,None,51.19,Central,Mobile,Home & Kitchen,1,6.8,1,2,22.5,65.37,15,0,0,0.0
715,34,Male,Basic,36.43,East,Mobile,Sports,3,4.0,4,0,52.35,31.97,29,1,1,64.31
716,47,Male,None,61.69,West,Tablet,Beauty,3,8.5,4,0,39.92,44.64,45,0,0,0.0
717,36,Female,None,87.85,North,Mobile,Sports,2,6.5,5,0,58.43,40.79,45,0,0,0.0
718,36,Male,None,32.03,East,Desktop,Sports,0,8.7,3,0,28.54,12.65,86,0,0,0.0
719,31,Female,Basic,50.29,West,Desktop,Beauty,6,8.1,7,1,40.91,61.71,26,0,1,125.28
720,34,Male,None,57.2,Central,Desktop,Sports,2,4.1,1,0,58.11,0.0,75,0,0,0.0
721,38,Male,Basic,57.93,North,Desktop,Beauty,6,10.5,1,3,5.0,0.0,51,0,1,0.45
722,18,Female,None,27.22,South,Mobile,Home & Kitchen,4,7.8,5,1,28.83,73.6,195,0,0,0.0
723,20,Male,None,65.69,South,Mobile,Home & Kitchen,5,4.0,4,0,54.45,41.86,29,0,0,0.0
724,43,Female,Basic,102.16,North,Mobile,Sports,3,17.0,6,2,95.82,227.83,138,0,0,0.0
725,36,Female,None,53.83,East,Desktop,Books,3,9.9,2,0,29.23,0.0,103,0,0,0.0
726,32,Female,None,32.83,Central,Desktop,Apparel,2,7.4,3,0,42.13,45.52,60,0,0,0.0
727,35,Female,Basic,30.12,South,Desktop,Apparel,8,13.7,4,2,5.0,0.0,63,0,0,0.0
728,38,Male,None,55.54,East,Mobile,Books,1,15.4,1,0,5.0,53.87,5,0,0,0.0
729,29,Male,None,68.07,Central,Mobile,Beauty,7,,1,2,44.06,75.08,180,1,0,0.0
730,26,Male,None,55.85,North,Mobile,Electronics,3,9.4,4,0,59.66,84.21,6,0,0,0.0
731,37,Female,Premium,80.56,East,Mobile,Beauty,6,8.0,5,1,,0.0,49,0,0,0.0
732,24,Female,Basic,44.09,West,Mobile,Books,6,7.4,5,2,17.71,123.59,24,0,0,0.0
733,39,None,Basic,39.54,West,Mobile,Sports,5,7.2,4,4,17.52,52.01,33,0,0,0.0
734,18,Female,Basic,67.93,West,Tablet,Sports,6,8.7,7,4,84.71,319.87,56,0,0,0.0
735,46,Male,None,69.75,West,Mobile,Apparel,2,9.3,1,0,39.4,9.74,143,0,0,0.0
736,40,Female,None,23.68,North,Mobile,Books,2,10.2,1,0,6.99,0.0,36,1,0,0.0
737,37,Male,Basic,87.22,East,Mobile,Home & Kitchen,3,,6,3,69.37,204.49,264,0,0,0.0
738,45,Female,None,63.33,Central,Mobile,Books,4,3.2,1,2,41.95,47.02,53,0,0,0.0
739,53,Female,None,80.59,North,Desktop,Apparel,4,,2,0,45.85,0.0,10,0,0,0.0
740,46,Male,None,29.14,North,Mobile,Electronics,3,5.8,1,0,29.13,24.34,12,0,0,0.0
741,18,Male,None,20.32,Central,Mobile,Home & Kitchen,2,,4,2,5.0,0.0,75,0,0,0.0
742,20,Male,Premium,72.82,West,Mobile,Apparel,6,16.2,8,5,33.48,128.99,3,0,1,52.38
743,28,Male,None,56.95,South,Tablet,Sports,5,3.3,3,1,21.45,0.0,39,0,0,0.0
744,35,Male,Basic,90.33,Central,Mobile,Books,4,6.6,4,3,35.03,79.89,9,0,1,33.31
745,40,Female,None,64.21,West,Mobile,Beauty,1,11.8,6,1,5.0,70.58,34,0,0,0.0
746,27,Female,Premium,73.23,Central,Mobile,Books,16,10.8,6,5,8.93,2.35,83,0,1,2.3
747,37,Female,None,32.13,Central,Mobile,Home & Kitchen,1,9.8,3,1,40.48,3.9,36,0,0,0.0
748,26,Male,None,69.44,East,Desktop,Sports,5,7.4,4,2,56.84,123.38,10,0,0,0.0
749,28,Female,Basic,38.54,West,Mobile,Sports,6,9.0,3,0,13.4,0.0,17,0,0,0.0
750,19,Female,Basic,82.51,West,Mobile,Sports,7,7.1,4,2,72.61,256.63,27,0,1,31.63
751,24,Male,None,41.58,Central,Mobile,Home & Kitchen,7,10.7,4,1,18.87,10.74,4,0,0,0.0
752,20,Female,None,74.13,Central,Tablet,Beauty,7,1.8,3,4,23.27,109.84,52,0,0,0.0
753,24,Female,None,58.92,North,Mobile,Sports,7,6.5,2,1,55.46,102.65,56,0,0,0.0
754,46,Male,None,50.83,South,Desktop,Apparel,2,9.2,5,1,33.66,79.89,3,0,0,0.0
755,24,Male,None,37.35,South,Mobile,Sports,5,10.1,6,0,13.39,11.66,30,1,0,0.0
756,63,Female,Basic,60.26,Central,Desktop,Books,3,12.0,5,2,33.59,59.12,32,0,0,0.0
757,40,Male,None,59.21,Central,Tablet,Home & Kitchen,4,6.4,4,0,53.84,101.2,24,0,0,0.0
758,37,Female,None,51.99,East,Mobile,Sports,5,13.9,2,2,52.29,99.59,48,0,0,0.0
759,25,Female,Basic,44.31,East,Mobile,Sports,8,5.4,4,6,62.49,352.86,25,1,1,174.35
760,42,Female,Premium,79.12,Central,Mobile,Beauty,8,17.3,7,4,47.67,158.39,32,1,0,0.0
761,28,Male,Basic,57.31,South,Desktop,Home & Kitchen,7,11.3,5,3,72.84,132.18,95,1,0,0.0
762,36,Male,None,11.98,North,Mobile,Books,1,4.3,1,0,5.77,41.08,10,0,0,0.0
763,63,Female,None,66.65,East,Mobile,Home & Kitchen,1,7.2,1,0,74.53,0.0,57,0,0,0.0
764,33,Female,Premium,61.77,Central,Mobile,Electronics,3,11.8,8,2,83.34,166.39,42,0,0,0.0
765,47,Male,None,32.84,Central,Mobile,Sports,4,10.5,6,1,5.0,0.0,21,0,0,0.0
766,27,Female,None,17.23,South,Mobile,Beauty,5,7.1,1,0,11.57,112.0,78,0,0,0.0
767,34,Female,Basic,25.41,North,Desktop,Sports,6,,3,2,23.42,0.0,48,0,0,0.0
768,54,Male,Basic,39.3,West,Desktop,Electronics,4,13.5,3,0,61.98,0.0,38,0,1,29.44
769,28,Male,Basic,43.14,Central,Mobile,Electronics,4,7.6,5,2,52.66,98.52,66,0,0,0.0
770,54,Female,None,90.86,West,Mobile,Books,5,11.3,8,2,5.0,0.12,97,0,0,0.0
771,42,Male,None,42.63,East,Mobile,Electronics,4,7.1,1,0,67.7,0.0,215,0,0,0.0
772,28,Male,Premium,81.1,North,Desktop,Sports,10,18.7,6,3,32.13,92.34,59,1,0,0.0
773,41,Male,None,59.01,Central,Mobile,Sports,3,5.3,2,1,71.66,8.68,124,0,0,0.0
774,45,Male,Basic,63.36,South,Mobile,Sports,7,5.5,1,2,40.99,99.84,0,1,0,0.0
775,41,Female,Basic,58.41,South,Mobile,Electronics,4,14.1,3,3,79.68,122.97,45,0,1,43.1
776,18,Female,Basic,31.38,Central,Desktop,Beauty,6,6.2,3,1,21.21,19.92,14,1,1,9.79
777,27,Male,None,73.72,Central,Mobile,Books,4,14.4,6,3,23.61,40.81,5,0,0,0.0
778,32,Female,None,81.63,West,Mobile,Home & Kitchen,5,11.6,2,1,43.65,94.46,45,0,0,0.0
779,34,Female,Basic,27.41,West,Mobile,Home & Kitchen,2,7.4,4,2,40.6,168.97,82,0,0,0.0
780,41,Female,Premium,63.37,South,Mobile,Home & Kitchen,14,4.7,11,4,61.83,230.77,31,0,0,0.0
781,36,Male,Premium,75.26,North,Mobile,Electronics,12,11.9,13,7,83.63,654.95,66,0,1,25.89
782,20,Male,None,28.14,North,Mobile,Books,6,8.4,7,1,5.0,0.0,40,0,0,0.0
783,39,Female,None,60.31,East,Mobile,Books,5,12.7,1,0,5.0,0.0,34,0,0,0.0
784,41,Female,Premium,68.69,North,Desktop,Books,6,18.4,5,5,5.0,112.3,20,0,1,3.35
785,41,Male,Basic,98.77,Central,Mobile,Beauty,8,5.3,1,1,66.05,92.09,28,0,0,0.0
786,46,Male,Premium,104.73,North,Mobile,Sports,8,15.2,6,5,105.13,525.87,25,1,0,0.0
787,44,Male,None,56.53,East,Mobile,Apparel,1,11.1,4,1,36.17,70.53,62,0,0,0.0
788,40,Female,Basic,77.99,East,Mobile,Beauty,4,12.3,7,2,,54.69,7,0,0,0.0
789,34,Female,Basic,77.61,West,Mobile,Beauty,6,10.0,7,1,20.89,17.43,5,1,0,0.0
790,18,Female,Basic,42.75,South,Desktop,Books,0,1.0,7,1,22.0,0.0,64,0,0,0.0
791,39,Male,None,36.51,Central,Mobile,Sports,3,7.4,2,1,61.44,47.91,47,1,0,0.0
792,37,Female,None,52.01,East,Desktop,Books,4,3.4,5,1,5.0,36.16,33,0,0,0.0
793,37,Female,Basic,74.11,West,Desktop,Books,8,7.2,9,1,5.0,0.0,9,0,0,0.0
794,20,Male,None,48.0,West,Mobile,Books,6,11.9,1,0,38.63,45.12,31,0,0,0.0
795,23,Female,Basic,26.01,North,Desktop,Electronics,5,,1,1,5.0,24.18,93,0,0,0.0
796,46,Female,Premium,68.85,West,Mobile,Sports,5,16.6,3,2,29.4,14.89,132,0,0,0.0
797,34,Male,None,48.37,East,Mobile,Beauty,5,9.4,2,3,10.54,0.0,72,1,0,0.0
798,42,Female,Premium,80.74,Central,Tablet,Home & Kitchen,5,6.8,7,6,39.84,231.18,3,1,0,0.0
799,35,Male,None,85.51,Central,Mobile,Electronics,2,1.0,3,0,131.7,0.0,66,0,0,0.0
800,35,Female,Basic,33.05,North,Mobile,Beauty,8,8.6,8,3,27.71,99.95,16,0,1,7.95
801,45,Female,Premium,92.1,North,Mobile,Apparel,4,11.1,10,5,32.71,127.64,22,1,0,0.0
802,29,Female,None,75.0,South,Mobile,Home & Kitchen,3,4.1,1,0,91.59,0.0,13,0,0,0.0
803,36,Female,None,91.19,Central,Mobile,Beauty,2,1.2,4,1,58.17,110.82,89,0,0,0.0
804,29,Male,None,40.92,North,Desktop,Books,4,5.1,2,2,5.0,17.41,62,0,1,4.98
805,30,Female,None,57.35,West,Mobile,Sports,2,7.2,7,0,32.28,0.0,56,0,0,0.0
806,31,Female,Basic,67.06,West,Desktop,Home & Kitchen,6,10.7,5,0,104.2,0.88,66,0,0,0.0
807,37,Male,Premium,84.12,West,Mobile,Home & Kitchen,3,12.8,9,0,88.45,68.95,16,0,0,0.0
808,29,Female,None,46.42,North,Mobile,Apparel,6,14.4,4,0,27.41,14.69,35,0,0,0.0
809,48,Female,None,61.75,South,Mobile,Apparel,3,3.9,4,1,56.91,86.56,60,0,0,0.0
810,25,Male,None,8.0,East,Mobile,Electronics,8,11.5,7,3,16.28,11.23,60,0,0,0.0
811,32,Female,Basic,69.38,North,Mobile,Books,5,8.2,3,2,5.0,61.32,94,0,0,0.0
812,30,Female,None,50.77,North,Desktop,Beauty,2,10.8,3,0,17.85,115.91,20,0,0,0.0
813,50,Male,Basic,58.5,North,Mobile,Electronics,5,6.3,6,1,95.65,56.08,88,0,0,0.0
814,37,Female,Basic,95.44,East,Mobile,Apparel,5,12.3,3,2,5.97,0.0,34,0,0,0.0
815,46,Male,Basic,49.15,South,Mobile,Home & Kitchen,6,9.2,6,1,37.49,46.27,66,0,0,0.0
816,18,Male,None,37.64,South,Mobile,Home & Kitchen,7,5.3,4,0,60.78,43.78,36,0,0,0.0
817,37,Male,Basic,94.45,South,Mobile,Electronics,8,8.0,6,7,110.66,770.05,178,0,1,44.87
818,44,Female,None,37.72,North,Mobile,Books,5,7.0,5,0,36.96,0.0,11,0,0,0.0
819,35,Female,None,40.1,South,Desktop,Apparel,3,10.0,7,0,47.54,0.0,67,0,0,0.0
820,46,Male,Premium,80.65,North,Desktop,Electronics,9,7.3,9,3,101.92,335.66,51,1,1,107.68
821,29,Male,Basic,71.33,West,Mobile,Electronics,7,7.9,6,1,79.93,59.58,11,0,0,0.0
822,50,Female,None,58.24,North,Mobile,Beauty,2,,3,1,12.89,43.25,4,0,0,0.0
823,60,Male,None,34.23,Central,Mobile,Electronics,4,8.1,3,0,97.11,58.24,96,0,0,0.0
824,31,Female,None,39.22,North,Desktop,Electronics,3,,2,1,87.69,99.7,10,0,0,0.0
825,30,Female,None,37.57,Central,Desktop,Apparel,7,11.1,4,0,20.54,0.0,12,0,0,0.0
826,50,Female,None,53.11,Central,Desktop,Beauty,2,8.0,4,0,5.0,41.47,230,0,0,0.0
827,52,Female,None,62.77,West,Mobile,Electronics,0,8.9,5,0,82.69,0.0,75,0,0,0.0
828,29,Male,Basic,63.73,Central,Mobile,Apparel,4,9.2,2,0,,0.0,17,0,1,33.61
829,30,Female,Basic,24.53,North,Mobile,Home & Kitchen,4,9.6,1,0,5.0,0.0,53,0,0,0.0
830,31,Female,Basic,75.95,North,Tablet,Electronics,4,1.0,3,0,,0.0,45,0,0,0.0
831,20,Female,Basic,58.05,South,Desktop,Home & Kitchen,5,6.8,8,3,77.53,192.42,111,0,0,0.0
832,24,Male,None,71.62,South,Mobile,Electronics,8,,7,0,55.69,91.52,78,0,0,0.0
833,23,Female,Premium,84.4,South,Desktop,Electronics,10,17.1,8,4,124.56,606.84,106,1,0,0.0
834,26,Male,Premium,97.12,East,Desktop,Home & Kitchen,2,11.8,4,2,112.96,208.23,14,0,0,0.0
835,34,Male,Premium,88.1,North,Mobile,Apparel,4,11.2,6,4,31.08,128.91,61,0,1,19.69
836,37,Male,Premium,104.83,South,Desktop,Electronics,7,15.6,10,2,168.07,326.75,2,0,0,0.0
837,52,Female,Premium,94.5,South,Mobile,Home & Kitchen,7,13.7,5,2,69.35,194.07,4,0,0,0.0
838,24,Female,Basic,52.94,West,Mobile,Books,16,3.5,5,4,17.29,134.44,75,1,1,2.27
839,45,Female,None,93.9,Central,Mobile,Sports,1,7.7,7,0,61.47,0.0,1,0,0,0.0
840,32,Female,Basic,73.1,East,Mobile,Sports,5,6.7,8,3,46.49,163.27,52,0,0,0.0
841,34,Male,Basic,68.03,East,Desktop,Books,3,1.0,3,0,5.0,0.0,110,0,1,4.03
842,42,Female,Basic,37.13,South,Mobile,Books,2,5.2,6,0,19.91,87.91,28,0,0,0.0
843,22,Male,Basic,30.91,Central,Mobile,Sports,10,,2,4,39.23,178.93,2,0,0,0.0
844,39,None,None,56.47,North,Mobile,Beauty,1,7.5,1,0,16.78,0.0,75,0,0,0.0
845,36,Female,None,52.92,Central,Mobile,Apparel,2,2.1,4,0,5.0,0.0,159,0,0,0.0
846,40,Female,Premium,70.45,South,Mobile,Apparel,6,16.6,6,5,41.88,194.95,75,0,0,0.0
847,38,Female,Basic,61.44,South,Mobile,Beauty,7,7.6,4,2,28.1,82.46,51,0,0,0.0
848,62,Male,Basic,94.7,Central,Mobile,Books,5,6.2,4,4,10.82,95.38,15,0,0,0.0
849,27,Male,None,60.12,Central,Desktop,Home & Kitchen,7,9.6,2,1,90.25,32.84,0,0,0,0.0
850,29,Female,None,27.66,West,Desktop,Sports,4,4.8,4,0,5.0,91.94,71,0,0,0.0
851,28,Male,Premium,75.89,North,Mobile,Home & Kitchen,3,13.8,5,2,22.44,125.16,15,1,1,4.24
852,28,Male,Basic,41.41,West,Desktop,Home & Kitchen,8,6.5,1,1,21.82,0.0,117,0,0,0.0
853,27,Female,Basic,48.62,South,Desktop,Home & Kitchen,8,4.4,3,2,56.99,117.62,37,0,0,0.0
854,48,Female,Basic,54.45,South,Mobile,Home & Kitchen,6,10.3,4,1,26.8,112.34,45,0,0,0.0
855,50,Male,Basic,53.9,North,Mobile,Apparel,2,14.0,7,3,6.25,80.4,84,0,0,0.0
856,28,Male,None,25.31,East,Desktop,Sports,3,10.9,5,2,37.24,57.64,90,0,0,0.0
857,25,Female,Basic,52.7,West,Mobile,Books,6,11.7,7,1,,58.4,61,0,0,0.0
858,40,Female,None,41.41,South,Mobile,Books,4,5.9,4,1,14.17,164.03,167,0,0,0.0
859,28,Male,None,8.0,Central,Desktop,Apparel,5,1.6,4,1,19.47,24.73,242,0,0,0.0
860,41,Male,Basic,96.75,North,Mobile,Books,2,14.0,6,1,6.98,0.0,176,0,0,0.0
861,37,Male,Premium,100.2,North,Desktop,Apparel,7,20.2,6,1,40.52,49.14,104,1,0,0.0
862,18,Male,None,38.13,West,Mobile,Apparel,6,14.2,7,0,34.5,12.33,73,0,0,0.0
863,52,Male,Premium,85.44,Central,Mobile,Sports,7,10.7,7,6,34.62,181.49,65,1,0,0.0
864,54,Female,None,34.61,Central,Mobile,Apparel,4,3.4,4,0,5.0,22.08,6,0,0,0.0
865,28,Female,None,78.42,West,Mobile,Electronics,3,3.7,3,1,91.71,28.99,19,0,0,0.0
866,30,None,None,82.65,North,Desktop,Apparel,2,1.3,4,0,58.29,0.0,0,0,0,0.0
867,38,Male,None,53.72,Central,Mobile,Sports,1,7.6,1,0,43.79,37.91,8,0,0,0.0
868,38,Female,Basic,77.32,Central,Desktop,Apparel,2,14.4,5,4,54.26,129.3,34,0,0,0.0
869,42,Male,None,55.26,North,Mobile,Beauty,2,7.4,6,1,5.0,50.16,9,0,0,0.0
870,57,Female,Basic,40.54,East,Mobile,Beauty,6,9.2,1,1,19.28,0.0,139,0,0,0.0
871,33,Female,Premium,71.99,East,Tablet,Sports,6,17.5,5,3,64.91,108.16,98,0,0,0.0
872,26,Male,None,49.67,East,Mobile,Books,5,6.4,5,1,5.0,0.0,4,0,0,0.0
873,19,Female,Basic,45.02,Central,Desktop,Home & Kitchen,5,16.1,4,3,56.86,184.92,17,1,0,0.0
874,26,Male,None,43.36,North,Mobile,Electronics,4,16.0,4,1,53.27,119.53,102,0,0,0.0
875,34,Female,Basic,56.05,West,Desktop,Apparel,4,7.5,5,0,88.33,2.88,97,0,0,0.0
876,54,Male,None,54.24,North,Mobile,Home & Kitchen,1,5.7,6,0,5.0,0.0,174,0,0,0.0
877,29,Male,None,49.14,East,Desktop,Sports,5,10.8,5,4,62.76,280.02,360,0,0,0.0
878,37,Female,None,31.51,West,Desktop,Electronics,5,6.6,4,2,32.45,21.36,224,0,0,0.0
879,34,Male,None,36.79,South,Mobile,Apparel,3,3.4,2,1,5.0,11.97,31,0,0,0.0
880,48,Female,None,30.78,South,Mobile,Sports,5,13.1,6,0,11.62,0.0,17,0,0,0.0
881,62,Male,Basic,83.7,Central,Mobile,Beauty,2,10.9,2,2,32.33,68.79,85,1,0,0.0
882,29,Female,Premium,40.3,West,Mobile,Sports,8,12.6,9,4,49.77,192.59,21,1,1,49.3
883,29,Female,Premium,98.96,East,Mobile,Sports,8,6.9,12,5,105.69,488.24,98,0,0,0.0
884,46,Female,Basic,86.25,South,Mobile,Sports,4,3.1,4,2,90.54,189.33,45,0,1,47.25
885,42,Male,None,46.66,East,Mobile,Beauty,2,8.4,7,0,5.0,7.93,94,0,0,0.0
886,55,Male,None,9.14,West,Mobile,Home & Kitchen,4,6.0,1,5,30.65,212.02,19,0,1,53.19
887,41,Male,None,45.3,Central,Desktop,Books,2,6.6,6,1,15.07,0.0,42,0,0,0.0
888,31,None,None,47.64,South,Desktop,Beauty,0,12.1,5,0,5.0,0.0,49,0,0,0.0
889,41,Female,Basic,41.61,West,Desktop,Apparel,6,10.9,6,0,15.73,0.0,171,0,0,0.0
890,47,Female,Basic,52.33,North,Mobile,Apparel,5,13.5,4,2,10.92,65.33,18,0,0,0.0
891,44,Female,None,80.24,North,Mobile,Beauty,3,4.0,3,1,26.42,64.12,165,0,0,0.0
892,40,Female,None,63.47,East,Mobile,Books,6,6.6,4,1,5.0,30.39,98,0,0,0.0
893,46,Female,Premium,66.66,South,Tablet,Electronics,9,15.0,10,1,64.76,29.57,78,0,1,188.02
894,47,Female,Basic,32.84,North,Mobile,Electronics,8,9.8,3,2,51.62,147.51,92,1,0,0.0
895,50,Male,None,48.61,West,Mobile,Books,2,14.1,6,0,20.35,0.0,55,0,0,0.0
896,42,Female,Premium,78.26,East,Mobile,Books,4,13.7,5,0,8.77,0.0,16,1,0,0.0
897,33,None,Premium,88.33,Central,Mobile,Apparel,9,19.4,6,4,,215.21,12,1,1,30.78
898,36,Female,None,40.66,West,Mobile,Apparel,7,10.2,1,2,14.31,26.95,120,1,0,0.0
899,48,Male,None,63.11,West,Mobile,Beauty,6,12.2,4,1,14.14,47.9,77,0,1,6.38
900,26,Male,Basic,90.13,South,Mobile,Apparel,9,6.7,6,2,56.47,0.0,14,0,0,0.0
901,39,Male,Premium,95.88,South,Mobile,Books,7,,7,5,12.69,129.59,57,1,0,0.0
902,30,Female,Premium,77.63,West,Mobile,Electronics,11,15.6,8,3,101.06,309.74,35,1,1,117.38
903,35,Female,None,46.7,North,Mobile,Electronics,4,14.5,4,1,9.37,0.0,10,0,0,0.0
904,49,Male,None,47.78,Central,Desktop,Apparel,3,10.9,5,1,23.27,28.32,45,0,1,38.58
905,37,Female,Basic,79.85,East,Desktop,Apparel,7,7.7,2,1,5.0,59.63,19,0,0,0.0
906,35,Male,Basic,46.71,South,Mobile,Electronics,0,13.5,5,0,35.37,29.97,6,0,0,0.0
907,20,Male,None,46.31,West,Desktop,Electronics,4,1.0,7,0,32.57,54.95,37,0,0,0.0
908,43,Male,Premium,83.32,Central,Desktop,Sports,5,6.3,9,3,39.14,49.11,53,1,0,0.0
909,42,Female,Basic,51.07,North,Mobile,Electronics,7,10.7,3,2,54.39,88.08,2,0,0,0.0
910,58,Female,Premium,62.2,North,Mobile,Books,9,12.1,11,8,5.0,0.0,30,0,0,0.0
911,31,Male,Premium,84.61,Central,Desktop,Apparel,5,14.4,8,5,53.9,355.38,17,0,0,0.0
912,37,Female,Basic,57.5,North,Mobile,Beauty,6,8.3,4,5,22.85,146.22,1,0,1,38.55
913,37,Male,None,59.6,North,Desktop,Apparel,1,10.3,3,0,5.0,142.35,8,0,0,0.0
914,52,Female,Basic,53.5,South,Mobile,Apparel,6,4.7,4,2,27.35,31.32,8,0,0,0.0
915,33,Female,None,71.37,East,Desktop,Beauty,1,10.3,8,0,29.2,0.0,12,0,0,0.0
916,38,Female,Basic,43.12,East,Mobile,Beauty,6,12.0,5,1,7.23,0.09,97,0,0,0.0
917,41,Male,None,82.62,East,Desktop,Sports,5,12.9,2,1,58.27,127.19,34,0,0,0.0
918,37,Female,Basic,27.14,Central,Mobile,Sports,1,16.1,7,1,23.35,5.04,9,0,0,0.0
919,30,Female,None,56.33,West,Tablet,Beauty,1,9.0,4,0,33.32,6.22,6,1,0,0.0
920,37,Male,None,59.16,Central,Mobile,Home & Kitchen,5,9.1,1,1,20.56,25.39,21,0,0,0.0
921,46,Female,None,38.98,East,Mobile,Books,0,1.9,10,0,5.0,1.97,95,0,0,0.0
922,23,Male,None,54.04,North,Mobile,Beauty,4,5.9,5,1,47.46,14.84,27,0,0,0.0
923,36,Female,Basic,81.33,Central,Desktop,Books,6,,2,0,41.35,0.0,10,0,0,0.0
924,27,Male,Basic,15.7,North,Mobile,Sports,9,12.2,4,5,28.32,132.59,31,0,1,52.13
925,48,Female,Basic,70.95,West,Mobile,Electronics,4,5.6,3,2,101.55,202.72,48,0,0,0.0
926,18,Female,None,8.0,North,Desktop,Apparel,3,11.2,3,0,36.93,47.18,1,1,0,0.0
927,28,Male,None,30.52,West,Desktop,Beauty,6,8.0,5,1,48.12,136.15,59,0,1,21.06
928,39,Male,None,80.52,Central,Mobile,Sports,5,,5,0,55.39,0.0,30,0,0,0.0
929,52,Male,None,44.63,South,Mobile,Home & Kitchen,1,9.0,7,0,19.89,0.0,0,0,0,0.0
930,34,Male,Premium,58.57,South,Desktop,Sports,10,10.4,10,7,36.76,216.07,67,0,0,0.0
931,28,Male,None,44.34,South,Desktop,Apparel,4,,5,0,83.22,9.36,74,0,0,0.0
932,55,Female,None,93.22,East,Mobile,Apparel,1,1.2,3,0,13.36,0.0,59,0,1,4.55
933,19,Male,None,12.23,North,Mobile,Electronics,8,,4,3,6.24,30.71,25,0,0,0.0
934,18,Male,None,25.98,West,Mobile,Beauty,0,6.1,4,0,5.0,55.18,45,0,0,0.0
935,39,Female,Basic,86.15,South,Mobile,Beauty,2,5.9,6,2,30.06,0.0,29,0,0,0.0
936,29,Male,Basic,89.64,South,Mobile,Apparel,3,9.7,2,4,18.97,100.47,72,0,0,0.0
937,23,Female,None,44.54,East,Mobile,Beauty,6,10.6,4,0,,0.0,52,1,0,0.0
938,42,Female,None,29.8,East,Desktop,Electronics,6,8.9,4,2,,33.02,5,0,0,0.0
939,37,Female,None,88.33,North,Mobile,Electronics,3,,4,0,125.41,0.0,61,0,0,0.0
940,28,Female,None,76.6,West,Desktop,Sports,5,10.3,5,3,79.6,298.61,69,0,0,0.0
941,20,Female,None,57.72,Central,Mobile,Apparel,9,6.8,3,0,20.03,45.66,27,1,0,0.0
942,44,Male,Premium,68.08,South,Mobile,Beauty,5,10.1,9,2,19.08,66.58,125,0,0,0.0
943,42,Male,Basic,59.22,North,Mobile,Sports,9,9.3,4,7,39.37,315.25,111,0,0,0.0
944,33,Male,Basic,54.51,West,Tablet,Sports,4,10.3,1,0,42.87,0.0,11,0,0,0.0
945,55,Female,None,61.96,North,Mobile,Electronics,5,13.6,4,2,78.55,126.12,140,0,0,0.0
946,23,Male,None,72.52,North,Mobile,Home & Kitchen,5,12.8,2,2,79.18,195.98,34,0,0,0.0
947,18,Female,Basic,68.73,West,Mobile,Sports,8,5.8,2,1,74.15,35.76,77,1,0,0.0
948,27,Female,Basic,36.21,South,Mobile,Sports,8,7.6,5,4,,111.44,100,0,0,0.0
949,34,Female,Basic,82.48,North,Mobile,Sports,2,10.7,5,2,53.2,90.22,42,0,0,0.0
950,37,Female,None,56.24,Central,Desktop,Apparel,2,12.3,9,0,45.03,25.09,30,1,0,0.0
951,32,Male,Basic,69.47,South,Desktop,Apparel,3,11.8,6,2,5.0,114.96,148,0,0,0.0
952,38,Female,None,77.3,Central,Mobile,Beauty,1,7.7,3,0,5.0,0.0,15,0,0,0.0
953,21,Female,Premium,55.79,North,Desktop,Sports,12,7.0,6,6,44.7,271.64,17,1,1,69.28
954,50,Male,Basic,61.86,Central,Mobile,Apparel,1,4.0,4,1,39.62,92.33,26,0,0,0.0
955,34,Male,Basic,48.13,East,Desktop,Electronics,4,9.1,3,1,47.16,94.72,117,0,0,0.0
956,47,Female,None,25.38,North,Mobile,Sports,6,9.4,4,2,6.7,0.0,167,0,0,0.0
957,38,Female,Basic,65.14,West,Desktop,Apparel,5,3.6,10,1,16.06,0.0,14,0,0,0.0
958,40,Female,None,96.71,Central,Desktop,Electronics,3,8.2,3,1,106.45,94.79,119,0,0,0.0
959,41,Female,None,18.68,North,Desktop,Electronics,5,10.5,4,2,37.78,147.95,17,0,0,0.0
960,39,Female,None,50.62,West,Mobile,Apparel,2,3.4,3,0,5.0,0.0,211,0,0,0.0
961,42,Female,Basic,71.63,East,Mobile,Beauty,4,12.4,7,2,17.61,39.13,54,0,0,0.0
962,49,Male,None,56.42,West,Desktop,Apparel,2,6.5,4,2,8.97,0.0,0,0,0,0.0
963,37,Male,None,48.56,West,Desktop,Electronics,1,13.0,5,1,33.05,68.33,2,0,0,0.0
964,42,Male,Premium,58.71,North,Mobile,Electronics,11,9.9,8,3,92.55,285.43,9,1,0,0.0
965,34,Female,None,53.89,North,Mobile,Apparel,2,3.9,1,1,15.47,0.0,12,0,0,0.0
966,50,Female,Basic,48.88,East,Mobile,Beauty,2,6.2,4,0,19.41,0.0,87,0,0,0.0
967,27,Female,None,8.18,Central,Mobile,Electronics,6,7.6,1,1,5.0,0.0,15,0,0,0.0
968,54,Male,None,77.2,South,Desktop,Beauty,2,6.4,3,4,9.87,0.0,208,0,0,0.0
969,34,Female,Basic,74.95,West,Desktop,Electronics,3,7.1,8,1,111.06,150.76,60,0,0,0.0
970,19,Female,None,46.13,North,Mobile,Apparel,6,9.3,3,0,73.89,66.19,70,0,0,0.0
971,36,Female,Basic,62.42,West,Desktop,Electronics,4,7.3,6,1,40.37,74.65,14,0,0,0.0
972,27,Female,Basic,74.94,West,Mobile,Electronics,5,7.7,5,4,91.9,395.33,133,0,0,0.0
973,44,Male,Basic,64.74,West,Mobile,Beauty,5,1.2,7,3,28.96,80.55,66,0,0,0.0
974,27,Female,Basic,71.87,Central,Mobile,Home & Kitchen,9,9.6,4,2,50.92,140.59,119,1,0,0.0
975,30,Male,None,43.15,North,Desktop,Sports,3,7.6,6,0,48.06,14.31,188,0,0,0.0
976,18,Male,None,68.52,South,Desktop,Electronics,3,14.4,5,3,70.37,301.33,8,0,1,14.0
977,30,Female,Basic,62.27,Central,Mobile,Electronics,2,4.2,3,2,82.78,160.64,6,0,0,0.0
978,18,Female,Basic,56.39,North,Desktop,Apparel,5,1.0,5,1,16.63,83.78,97,1,0,0.0
979,18,Female,Premium,52.04,West,Mobile,Sports,10,14.5,15,5,61.86,353.01,120,1,1,46.9
980,43,Female,Premium,87.57,West,Mobile,Apparel,9,,12,4,28.51,150.81,52,0,0,0.0
981,43,Female,Premium,67.42,West,Mobile,Home & Kitchen,6,8.0,15,5,52.29,160.88,27,0,1,77.0
982,39,Female,Basic,47.71,South,Mobile,Apparel,3,1.9,1,0,41.81,46.46,63,0,0,0.0
983,24,Female,None,32.02,North,Desktop,Electronics,6,14.1,1,1,20.42,14.04,21,0,0,0.0
984,34,Male,Basic,38.51,West,Mobile,Books,8,13.7,7,2,7.54,0.0,16,0,0,0.0
985,34,Male,Basic,95.95,North,Mobile,Home & Kitchen,5,1.0,2,1,47.99,0.0,40,0,1,56.7
986,22,Male,None,70.06,West,Mobile,Sports,5,6.2,2,1,28.68,28.4,14,0,0,0.0
987,51,Male,Premium,119.37,East,Mobile,Beauty,4,18.7,5,7,45.84,322.56,39,0,0,0.0
988,44,Male,Premium,60.69,South,Mobile,Home & Kitchen,7,10.1,6,3,33.59,35.62,188,0,0,0.0
989,32,Male,Basic,58.38,South,Mobile,Electronics,5,6.0,2,3,63.83,117.83,109,0,0,0.0
990,35,Male,None,26.72,Central,Mobile,Beauty,3,6.9,6,1,18.41,42.74,170,0,0,0.0
991,37,Female,None,38.08,East,Desktop,Electronics,6,3.5,3,2,37.16,117.91,98,0,1,40.09
992,18,Male,Premium,58.37,East,Mobile,Home & Kitchen,8,5.2,4,4,67.82,280.79,26,1,0,0.0
993,32,Female,Premium,101.41,Central,Mobile,Beauty,5,16.2,8,0,36.76,57.54,100,1,0,0.0
994,27,Male,None,40.47,West,Desktop,Sports,7,1.0,7,1,37.85,33.53,153,0,1,5.98
995,23,Female,None,65.63,Central,Mobile,Beauty,7,9.0,4,3,45.82,134.74,176,0,0,0.0
996,31,Male,Premium,89.67,North,Mobile,Beauty,11,15.5,7,2,35.09,24.33,68,1,0,0.0
997,54,Male,None,97.17,Central,Mobile,Electronics,1,2.2,5,0,155.15,0.0,14,0,0,0.0
998,42,Female,Basic,33.47,South,Mobile,Apparel,6,4.3,8,6,34.29,298.47,2,0,0,0.0
999,28,Male,Premium,100.57,Central,Mobile,Electronics,7,16.9,8,3,118.26,411.34,9,1,1,57.64
1000,41,Male,None,72.44,Central,Mobile,Sports,3,10.1,4,3,78.02,164.43,202,0,0,0.0
