Age,Salary,Credit_Score,Loan_Amount,Loan_Term,Employment_Status,Residence_Type,Previous_Default,Loan_Approved
56,136748,584,38209,36 months,Employed,Owned,Yes,Yes
46,25287,815,27424,24 months,Self-Employed,Rented,No,Yes
32,146593,398,42396,12 months,Unemployed,Rented,Yes,Yes
60,54387,696,11370,24 months,Unemployed,Owned,No,No
25,28512,788,14528,12 months,Employed,Owned,No,No
38,21342,338,33276,12 months,Unemployed,Owned,Yes,Yes
56,83076,570,49333,12 months,Unemployed,Rented,Yes,Yes
36,128872,456,13179,12 months,Employed,Rented,No,No
40,39216,374,21843,48 months,Self-Employed,Mortgage,No,Yes
28,137512,429,28952,24 months,Unemployed,Owned,No,No
28,136682,383,38160,24 months,Employed,Rented,No,Yes
41,113070,321,49898,12 months,Unemployed,Owned,No,No
53,99767,758,34516,12 months,Unemployed,Rented,No,No
57,117829,838,15449,24 months,Unemployed,Owned,Yes,No
41,46614,681,26125,48 months,Unemployed,Rented,No,Yes
20,56258,739,12418,36 months,Employed,Mortgage,No,Yes
39,113789,320,27746,36 months,Employed,Mortgage,No,Yes
19,62078,602,7454,24 months,Employed,Owned,No,Yes
41,126288,383,22761,12 months,Unemployed,Rented,Yes,Yes
61,103524,752,20223,12 months,Unemployed,Rented,Yes,No
47,116573,686,11701,48 months,Unemployed,Owned,No,No
55,32219,806,7597,36 months,Employed,Rented,No,No
19,20235,556,5141,48 months,Unemployed,Owned,No,No
38,62929,826,7659,36 months,Self-Employed,Rented,Yes,No
50,147309,461,25980,24 months,Unemployed,Owned,Yes,No
29,87444,462,14031,36 months,Self-Employed,Rented,Yes,No
39,28567,823,20037,48 months,Unemployed,Owned,Yes,Yes
61,121834,570,43429,48 months,Employed,Rented,Yes,No
42,90792,791,11142,48 months,Unemployed,Mortgage,Yes,Yes
44,85441,507,17109,24 months,Self-Employed,Rented,No,No
59,104555,838,27010,36 months,Self-Employed,Owned,Yes,No
45,93698,359,13787,36 months,Unemployed,Mortgage,Yes,Yes
33,144450,729,47864,48 months,Self-Employed,Rented,No,No
32,137248,608,13472,36 months,Self-Employed,Mortgage,Yes,Yes
64,25415,819,28383,12 months,Employed,Rented,No,No
61,56159,326,9249,12 months,Unemployed,Mortgage,Yes,Yes
20,63925,498,39518,12 months,Unemployed,Owned,No,No
54,146523,686,23351,36 months,Unemployed,Rented,No,Yes
24,25951,648,9088,24 months,Self-Employed,Rented,No,Yes
38,107388,835,20282,24 months,Unemployed,Owned,No,No
26,28007,677,24330,24 months,Unemployed,Mortgage,No,No
56,146730,826,47409,24 months,Employed,Owned,Yes,Yes
35,61832,452,26778,12 months,Employed,Owned,Yes,No
21,78596,505,29264,12 months,Employed,Mortgage,No,Yes
42,141101,754,10075,48 months,Self-Employed,Owned,No,No
31,50523,572,15412,36 months,Unemployed,Rented,No,Yes
26,108861,535,33365,36 months,Employed,Rented,Yes,No
43,144194,820,12230,24 months,Employed,Rented,No,Yes
19,106740,800,16002,12 months,Employed,Owned,No,No
37,35524,416,18947,24 months,Unemployed,Rented,No,Yes
45,149028,685,18686,48 months,Unemployed,Rented,No,Yes
64,39282,643,34304,36 months,Unemployed,Rented,Yes,No
24,43930,694,18074,36 months,Self-Employed,Rented,No,No
61,20077,363,9493,24 months,Self-Employed,Rented,No,Yes
25,125881,371,39228,48 months,Employed,Rented,Yes,Yes
64,145501,573,19140,36 months,Unemployed,Owned,No,Yes
52,40611,619,36655,48 months,Employed,Rented,No,Yes
31,36984,637,48472,48 months,Unemployed,Rented,Yes,No
34,34060,665,11816,24 months,Unemployed,Mortgage,Yes,Yes
53,102985,794,16639,12 months,Unemployed,Owned,Yes,Yes
57,104056,465,34492,24 months,Self-Employed,Owned,No,Yes
21,145329,843,16240,12 months,Self-Employed,Owned,No,No
19,63303,310,37698,48 months,Unemployed,Owned,Yes,Yes
23,79207,600,31957,12 months,Employed,Rented,Yes,No
59,95046,401,37808,48 months,Unemployed,Rented,Yes,No
21,49287,724,10827,36 months,Unemployed,Mortgage,No,No
46,113709,691,37762,36 months,Employed,Mortgage,No,No
35,59711,513,13259,36 months,Unemployed,Owned,Yes,No
43,31954,387,19849,24 months,Employed,Mortgage,No,No
61,93340,700,21232,24 months,Self-Employed,Mortgage,Yes,No
51,92101,345,45572,48 months,Self-Employed,Owned,No,Yes
27,91520,762,29173,36 months,Employed,Owned,No,Yes
53,107062,609,10374,24 months,Self-Employed,Mortgage,No,No
31,122974,385,26174,36 months,Self-Employed,Rented,No,Yes
48,38574,391,28567,24 months,Employed,Mortgage,Yes,Yes
32,29184,541,40292,12 months,Self-Employed,Mortgage,No,No
25,39096,301,14277,12 months,Unemployed,Rented,No,Yes
31,87728,524,36600,36 months,Unemployed,Rented,Yes,No
40,54016,415,14885,48 months,Employed,Owned,No,Yes
57,31246,402,5778,24 months,Self-Employed,Owned,Yes,No
38,65558,493,34165,24 months,Unemployed,Mortgage,Yes,No
33,138721,465,6492,12 months,Unemployed,Rented,No,Yes
62,38381,389,35462,12 months,Self-Employed,Owned,No,Yes
35,147796,421,18615,48 months,Self-Employed,Mortgage,Yes,No
64,56455,442,49900,48 months,Unemployed,Rented,Yes,No
41,112263,405,47946,48 months,Unemployed,Mortgage,Yes,No
43,24018,727,12851,36 months,Employed,Owned,No,Yes
42,31302,604,21288,12 months,Employed,Owned,Yes,Yes
62,87506,616,12156,36 months,Unemployed,Rented,Yes,Yes
58,61157,308,7044,12 months,Employed,Mortgage,Yes,Yes
46,74917,372,12368,12 months,Unemployed,Rented,No,No
32,112738,658,24900,24 months,Unemployed,Owned,Yes,No
62,116646,522,35600,12 months,Employed,Owned,No,No
18,103122,715,30634,12 months,Employed,Mortgage,No,No
42,44519,669,14168,36 months,Self-Employed,Mortgage,Yes,Yes
24,116809,563,25961,12 months,Self-Employed,Mortgage,No,No
26,107487,617,49096,36 months,Self-Employed,Rented,Yes,No
41,76819,383,28852,48 months,Unemployed,Mortgage,No,Yes
18,100910,617,38110,12 months,Employed,Mortgage,No,Yes
61,140430,410,37174,12 months,Unemployed,Owned,Yes,No
25,91324,550,39215,36 months,Employed,Owned,Yes,Yes
41,25408,682,31955,48 months,Unemployed,Mortgage,Yes,No
28,79379,306,11581,24 months,Self-Employed,Mortgage,No,Yes
34,45053,758,49619,48 months,Self-Employed,Owned,No,Yes
25,29446,383,11317,36 months,Self-Employed,Mortgage,Yes,No
52,20922,507,47856,48 months,Unemployed,Rented,Yes,Yes
52,118723,689,31649,36 months,Employed,Rented,No,No
50,71356,613,28132,36 months,Employed,Rented,No,Yes
22,30789,321,21789,24 months,Self-Employed,Mortgage,No,Yes
59,117720,709,19567,12 months,Self-Employed,Owned,Yes,Yes
56,86656,814,19868,36 months,Self-Employed,Mortgage,No,Yes
58,64028,426,29370,36 months,Self-Employed,Mortgage,Yes,Yes
45,84484,313,47533,24 months,Employed,Owned,No,No
24,52154,311,35483,36 months,Unemployed,Owned,No,Yes
26,102870,386,17466,12 months,Unemployed,Owned,Yes,No
25,22336,823,33803,24 months,Unemployed,Rented,Yes,Yes
29,123677,836,23230,12 months,Unemployed,Mortgage,Yes,No
51,87779,600,22862,12 months,Self-Employed,Owned,No,Yes
50,39029,542,48355,24 months,Self-Employed,Mortgage,No,No
40,79201,421,36259,36 months,Self-Employed,Rented,No,No
41,52265,446,38539,12 months,Unemployed,Rented,Yes,Yes
54,122916,655,26909,12 months,Self-Employed,Owned,No,Yes
52,132250,608,35795,12 months,Self-Employed,Owned,Yes,Yes
61,136553,587,13770,12 months,Employed,Mortgage,Yes,No
57,63872,606,16093,24 months,Employed,Owned,Yes,No
39,66197,848,5193,24 months,Self-Employed,Mortgage,No,Yes
44,145733,651,39775,48 months,Employed,Owned,No,Yes
52,75180,611,22569,48 months,Employed,Mortgage,Yes,No
18,43710,358,16190,12 months,Self-Employed,Mortgage,No,No
52,49486,334,47752,36 months,Self-Employed,Mortgage,Yes,Yes
54,91907,744,37327,12 months,Self-Employed,Mortgage,Yes,No
64,148876,392,47070,36 months,Self-Employed,Rented,No,Yes
31,91895,506,25389,12 months,Unemployed,Mortgage,Yes,Yes
20,84435,652,45197,48 months,Unemployed,Owned,Yes,Yes
18,60631,631,7261,48 months,Self-Employed,Rented,No,No
22,149038,458,33369,36 months,Employed,Rented,Yes,No
43,121532,323,31512,12 months,Self-Employed,Mortgage,Yes,No
31,40103,703,11716,36 months,Self-Employed,Rented,Yes,No
56,84772,815,26259,48 months,Employed,Mortgage,Yes,Yes
44,146108,663,33933,12 months,Unemployed,Owned,Yes,No
26,34382,681,46689,12 months,Self-Employed,Mortgage,Yes,Yes
32,104291,831,9378,36 months,Self-Employed,Rented,Yes,Yes
32,121195,451,45583,24 months,Unemployed,Owned,No,Yes
43,23756,719,24835,36 months,Unemployed,Mortgage,No,No
59,40609,549,34033,48 months,Employed,Owned,Yes,Yes
30,134074,416,29000,48 months,Unemployed,Owned,Yes,Yes
49,36478,811,15332,48 months,Unemployed,Rented,No,No
56,120978,634,47604,48 months,Unemployed,Owned,No,Yes
49,59666,717,7800,48 months,Employed,Rented,No,No
21,95683,594,34538,24 months,Unemployed,Owned,No,No
47,119097,670,35119,12 months,Unemployed,Mortgage,No,No
54,144714,485,13333,36 months,Employed,Owned,Yes,Yes
40,120420,545,10410,36 months,Unemployed,Mortgage,No,No
56,91315,567,22839,48 months,Unemployed,Mortgage,No,No
62,97834,536,35519,36 months,Employed,Owned,No,No
32,146205,829,10808,48 months,Self-Employed,Mortgage,Yes,No
60,34153,320,11796,24 months,Employed,Owned,Yes,Yes
46,129415,819,26180,24 months,Unemployed,Owned,Yes,No
53,96325,399,48056,12 months,Unemployed,Mortgage,Yes,Yes
30,129701,777,22709,24 months,Unemployed,Mortgage,Yes,No
49,32999,597,22543,24 months,Employed,Rented,Yes,Yes
24,75318,825,42418,12 months,Unemployed,Mortgage,No,No
39,20814,633,34075,36 months,Unemployed,Rented,Yes,Yes
45,135033,301,42755,48 months,Employed,Mortgage,Yes,No
19,96077,674,42465,48 months,Self-Employed,Owned,No,Yes
59,110474,592,35502,36 months,Self-Employed,Mortgage,Yes,Yes
62,22443,617,21724,12 months,Unemployed,Owned,No,Yes
23,95993,801,8828,36 months,Employed,Owned,No,No
45,95916,680,22087,24 months,Unemployed,Owned,Yes,Yes
45,93319,313,17605,12 months,Employed,Rented,No,Yes
61,145885,803,36337,12 months,Employed,Mortgage,No,Yes
61,129777,530,10482,12 months,Self-Employed,Owned,No,Yes
37,37368,383,32005,48 months,Self-Employed,Owned,No,No
47,35328,429,27760,36 months,Employed,Rented,Yes,Yes
28,76942,444,10463,12 months,Unemployed,Mortgage,No,Yes
45,111751,327,9912,12 months,Self-Employed,Mortgage,Yes,Yes
42,119131,365,9648,12 months,Unemployed,Rented,No,No
56,47306,462,38623,36 months,Self-Employed,Rented,No,Yes
50,105451,528,40634,48 months,Self-Employed,Mortgage,No,Yes
18,59915,560,49602,24 months,Unemployed,Rented,Yes,Yes
44,57219,748,8112,48 months,Self-Employed,Mortgage,Yes,Yes
30,100879,723,27054,12 months,Self-Employed,Mortgage,Yes,No
58,131939,759,9492,48 months,Unemployed,Owned,No,Yes
20,84644,600,27207,48 months,Self-Employed,Owned,No,Yes
56,80279,602,20114,24 months,Self-Employed,Mortgage,No,No
23,73028,586,39285,36 months,Self-Employed,Mortgage,No,No
25,124263,694,21018,36 months,Unemployed,Mortgage,Yes,No
44,20126,309,26386,48 months,Employed,Mortgage,No,Yes
26,72329,569,22740,48 months,Unemployed,Mortgage,Yes,No
54,47632,660,49199,36 months,Employed,Mortgage,No,Yes
50,127099,556,13210,36 months,Self-Employed,Rented,Yes,No
59,85310,432,49363,24 months,Employed,Mortgage,Yes,Yes
61,129945,575,17743,12 months,Unemployed,Rented,No,No
41,75176,812,47092,48 months,Unemployed,Rented,No,Yes
32,139797,612,49299,36 months,Self-Employed,Mortgage,Yes,No
49,106066,583,11588,48 months,Employed,Mortgage,No,Yes
49,125500,420,8311,48 months,Self-Employed,Rented,No,Yes
41,146413,406,27432,36 months,Self-Employed,Rented,Yes,Yes
58,64327,503,38755,24 months,Unemployed,Mortgage,Yes,Yes
29,88904,464,8321,48 months,Employed,Mortgage,Yes,Yes
56,23797,604,20812,24 months,Employed,Rented,Yes,Yes
19,67882,796,42383,36 months,Employed,Rented,No,Yes
20,33718,455,18146,12 months,Employed,Rented,Yes,Yes
54,54560,666,18654,12 months,Self-Employed,Owned,Yes,No
34,96589,550,40820,48 months,Self-Employed,Rented,Yes,Yes
19,42116,633,5726,36 months,Unemployed,Owned,No,Yes
19,56244,810,8760,24 months,Self-Employed,Mortgage,Yes,No
45,121721,592,27190,48 months,Self-Employed,Mortgage,No,Yes
40,21645,319,6875,36 months,Unemployed,Rented,Yes,No
54,67523,581,28377,36 months,Unemployed,Mortgage,Yes,Yes
49,144085,300,9033,24 months,Unemployed,Mortgage,No,No
50,137718,418,43211,48 months,Self-Employed,Mortgage,Yes,No
18,39256,334,22373,36 months,Self-Employed,Mortgage,Yes,Yes
36,121376,497,8744,36 months,Unemployed,Owned,No,No
19,120158,784,29995,36 months,Unemployed,Owned,Yes,Yes
61,73173,358,21977,24 months,Unemployed,Rented,Yes,Yes
43,57430,460,37402,48 months,Self-Employed,Rented,Yes,Yes
49,59282,505,39542,48 months,Self-Employed,Rented,Yes,Yes
23,139719,311,15651,48 months,Employed,Mortgage,No,No
49,83374,789,38703,48 months,Self-Employed,Mortgage,Yes,Yes
21,88244,575,18395,12 months,Self-Employed,Owned,No,No
28,31694,541,34808,12 months,Self-Employed,Owned,Yes,No
34,76264,515,41576,48 months,Unemployed,Rented,No,Yes
55,95060,550,21715,24 months,Self-Employed,Owned,Yes,Yes
41,117416,425,49409,12 months,Unemployed,Owned,No,Yes
22,77545,516,29306,36 months,Employed,Owned,Yes,Yes
51,138195,605,24086,12 months,Employed,Owned,No,No
23,59224,484,19376,36 months,Unemployed,Owned,No,Yes
39,122516,338,10889,48 months,Unemployed,Rented,Yes,No
28,117945,522,42822,12 months,Unemployed,Rented,No,Yes
33,33224,483,41636,24 months,Self-Employed,Owned,Yes,Yes
50,60738,794,25584,12 months,Employed,Rented,Yes,Yes
26,45150,726,39610,12 months,Unemployed,Mortgage,Yes,Yes
23,83731,477,15058,12 months,Self-Employed,Owned,Yes,No
33,69688,727,14101,48 months,Employed,Mortgage,Yes,No
46,119929,593,17497,24 months,Self-Employed,Rented,No,Yes
20,128618,450,9658,12 months,Employed,Rented,Yes,No
37,93509,683,16381,24 months,Self-Employed,Mortgage,Yes,No
53,28577,607,45312,48 months,Employed,Rented,Yes,Yes
36,28070,635,45486,36 months,Employed,Owned,Yes,Yes
43,146161,674,22154,12 months,Self-Employed,Mortgage,Yes,No
20,28666,307,24539,24 months,Unemployed,Owned,Yes,No
36,77761,640,16777,24 months,Employed,Mortgage,No,No
37,141178,428,39396,48 months,Unemployed,Rented,No,No
49,56368,651,35373,12 months,Self-Employed,Mortgage,Yes,Yes
24,26783,657,38154,36 months,Unemployed,Mortgage,No,Yes
58,131530,816,11031,24 months,Unemployed,Owned,Yes,No
50,61914,794,32997,12 months,Unemployed,Rented,Yes,Yes
57,90507,385,11439,36 months,Unemployed,Owned,Yes,No
56,147738,474,27785,24 months,Unemployed,Rented,Yes,No
35,99026,492,18392,24 months,Employed,Owned,Yes,Yes
57,135893,610,33669,36 months,Employed,Mortgage,No,No
18,131255,418,33939,36 months,Employed,Owned,No,No
28,130616,517,7282,48 months,Self-Employed,Rented,No,Yes
45,87526,726,39624,12 months,Unemployed,Rented,No,Yes
42,90835,713,29364,12 months,Employed,Mortgage,Yes,No
40,65765,413,6998,48 months,Self-Employed,Rented,No,No
48,39956,444,36705,24 months,Employed,Owned,Yes,Yes
47,107895,837,43244,36 months,Employed,Mortgage,No,No
59,66240,602,14428,36 months,Unemployed,Rented,No,No
52,141008,644,42437,36 months,Self-Employed,Rented,No,Yes
24,57148,300,17336,24 months,Unemployed,Owned,No,Yes
33,114270,446,14342,36 months,Unemployed,Owned,Yes,Yes
43,147978,586,44832,36 months,Employed,Mortgage,No,Yes
19,24757,352,12446,48 months,Unemployed,Rented,No,Yes
18,39097,603,43392,24 months,Self-Employed,Owned,Yes,Yes
29,30395,368,12461,12 months,Unemployed,Mortgage,Yes,No
22,36241,660,39587,48 months,Unemployed,Rented,No,No
54,123892,519,15516,48 months,Unemployed,Rented,Yes,Yes
49,47696,460,18749,12 months,Employed,Mortgage,Yes,Yes
26,135654,388,22514,48 months,Self-Employed,Mortgage,Yes,No
58,90480,458,40426,24 months,Employed,Owned,No,No
52,66163,788,41268,36 months,Employed,Rented,Yes,No
36,39816,623,29950,24 months,Employed,Rented,No,Yes
33,69840,680,39888,12 months,Employed,Rented,No,Yes
20,122547,401,41788,12 months,Employed,Mortgage,No,No
37,72853,793,15213,48 months,Self-Employed,Owned,No,Yes
41,44917,318,41027,24 months,Unemployed,Rented,Yes,Yes
50,116731,753,33011,24 months,Employed,Mortgage,No,Yes
41,41566,781,47849,12 months,Employed,Rented,Yes,No
28,95452,696,39591,24 months,Self-Employed,Owned,No,No
25,82823,578,22858,12 months,Self-Employed,Rented,Yes,Yes
53,141392,664,23626,24 months,Unemployed,Owned,No,Yes
55,40806,630,18467,24 months,Self-Employed,Owned,Yes,Yes
57,95520,643,44758,24 months,Unemployed,Rented,No,Yes
37,21759,754,8134,12 months,Employed,Rented,No,Yes
52,146092,364,21743,48 months,Employed,Owned,Yes,No
42,61949,375,20434,24 months,Unemployed,Mortgage,No,Yes
52,112374,442,15233,12 months,Self-Employed,Owned,No,Yes
42,22482,772,6141,12 months,Unemployed,Rented,No,Yes
46,44442,716,23019,24 months,Self-Employed,Rented,Yes,No
35,53719,604,25384,24 months,Employed,Mortgage,No,No
63,78066,796,47903,48 months,Self-Employed,Owned,No,Yes
35,113501,590,41129,12 months,Unemployed,Owned,Yes,No
19,22079,401,27967,12 months,Unemployed,Owned,Yes,No
52,22717,566,45603,36 months,Employed,Rented,Yes,No
33,79676,302,16172,12 months,Self-Employed,Owned,Yes,No
58,47952,384,21390,48 months,Self-Employed,Mortgage,Yes,No
53,106444,627,8267,36 months,Self-Employed,Rented,No,No
50,62460,749,44332,36 months,Employed,Rented,No,Yes
21,110397,753,31167,36 months,Self-Employed,Owned,No,No
50,92847,520,26312,24 months,Unemployed,Mortgage,Yes,No
31,113607,453,32840,24 months,Self-Employed,Rented,No,Yes
38,109106,311,23990,12 months,Employed,Rented,Yes,Yes
37,38449,432,49179,36 months,Self-Employed,Owned,Yes,Yes
25,53536,603,10906,48 months,Self-Employed,Owned,No,Yes
24,84077,592,45379,24 months,Unemployed,Mortgage,Yes,No
20,58258,599,22297,48 months,Self-Employed,Owned,Yes,No
34,68302,342,7011,48 months,Unemployed,Mortgage,No,No
50,145937,642,49014,24 months,Unemployed,Rented,Yes,No
29,48865,625,16738,24 months,Employed,Mortgage,Yes,Yes
39,26645,797,33797,24 months,Unemployed,Mortgage,No,No
39,139771,663,16120,24 months,Unemployed,Mortgage,Yes,No
63,58000,726,13767,36 months,Employed,Rented,Yes,Yes
47,46737,320,27852,36 months,Unemployed,Owned,No,No
55,31485,706,18703,36 months,Employed,Rented,No,No
55,58565,635,5929,36 months,Self-Employed,Owned,No,No
62,45522,416,16951,12 months,Employed,Mortgage,No,No
25,139614,423,31039,36 months,Unemployed,Mortgage,Yes,Yes
44,85155,698,34504,24 months,Employed,Mortgage,Yes,Yes
44,75168,350,22438,48 months,Unemployed,Mortgage,No,Yes
51,72487,623,10744,36 months,Self-Employed,Mortgage,Yes,Yes
38,149948,440,23284,12 months,Employed,Owned,Yes,Yes
47,32342,769,47417,24 months,Self-Employed,Owned,No,No
50,60806,633,44748,48 months,Unemployed,Mortgage,No,No
45,68770,672,12069,48 months,Unemployed,Rented,Yes,Yes
64,98623,793,47359,36 months,Self-Employed,Rented,No,Yes
50,123177,838,24799,48 months,Employed,Mortgage,No,Yes
22,119785,455,38210,36 months,Employed,Owned,No,No
36,95629,590,33226,36 months,Unemployed,Rented,Yes,Yes
21,140993,443,9652,24 months,Self-Employed,Rented,No,No
52,72603,405,29323,24 months,Self-Employed,Rented,Yes,No
34,146944,719,47138,12 months,Employed,Mortgage,Yes,No
61,132726,301,12597,24 months,Employed,Rented,Yes,No
45,101974,389,42226,24 months,Employed,Rented,No,Yes
47,125947,644,11591,36 months,Self-Employed,Rented,No,No
46,46399,649,30833,24 months,Employed,Rented,No,No
63,148177,758,16826,36 months,Employed,Owned,No,Yes
23,105382,562,31417,36 months,Unemployed,Mortgage,No,No
52,101244,650,23693,24 months,Employed,Mortgage,Yes,No
58,129575,407,19138,12 months,Employed,Owned,Yes,No
54,135520,338,7169,12 months,Self-Employed,Owned,Yes,Yes
41,130904,458,23556,48 months,Self-Employed,Mortgage,No,No
46,96534,611,27052,48 months,Unemployed,Rented,Yes,No
63,75106,540,11313,24 months,Employed,Rented,Yes,Yes
48,132599,744,13315,12 months,Unemployed,Mortgage,No,Yes
52,50678,597,13036,36 months,Self-Employed,Rented,No,No
50,96218,335,36778,48 months,Unemployed,Owned,Yes,No
38,83230,383,32734,36 months,Self-Employed,Rented,Yes,Yes
49,134684,751,28173,48 months,Unemployed,Rented,No,No
40,94055,684,35403,24 months,Unemployed,Rented,No,Yes
50,76373,471,5785,12 months,Employed,Mortgage,No,No
20,51480,675,11139,48 months,Unemployed,Owned,No,Yes
35,105230,661,11344,12 months,Employed,Rented,Yes,No
42,88836,440,23800,36 months,Employed,Mortgage,Yes,Yes
59,92258,417,30372,24 months,Employed,Rented,No,Yes
48,59986,576,25538,12 months,Employed,Owned,Yes,Yes
20,44160,519,19973,24 months,Unemployed,Rented,Yes,Yes
57,105595,325,10619,12 months,Self-Employed,Owned,No,Yes
63,121358,820,39704,36 months,Self-Employed,Rented,Yes,No
41,99111,309,41575,36 months,Self-Employed,Owned,Yes,No
49,84929,677,44919,24 months,Unemployed,Rented,Yes,Yes
64,93506,451,47261,36 months,Employed,Owned,No,No
39,54911,348,32716,48 months,Self-Employed,Rented,No,No
40,107127,453,8236,12 months,Unemployed,Rented,Yes,No
19,51821,592,20848,36 months,Employed,Mortgage,No,No
44,95039,349,7352,48 months,Self-Employed,Mortgage,No,No
59,80535,830,6932,24 months,Employed,Owned,No,No
19,133453,359,15913,48 months,Self-Employed,Rented,Yes,Yes
43,104458,466,13556,24 months,Self-Employed,Owned,Yes,No
34,32175,501,26300,24 months,Self-Employed,Mortgage,No,No
57,139235,445,10498,12 months,Employed,Owned,Yes,No
50,74771,738,15582,12 months,Unemployed,Owned,Yes,Yes
26,126660,541,14569,48 months,Employed,Mortgage,Yes,No
60,147157,782,9857,12 months,Self-Employed,Rented,Yes,No
56,141300,407,5340,12 months,Employed,Owned,Yes,No
46,106925,525,48949,12 months,Unemployed,Mortgage,No,Yes
59,133374,731,21766,48 months,Employed,Rented,Yes,No
43,86358,718,31132,36 months,Unemployed,Mortgage,Yes,Yes
52,37327,754,13491,12 months,Unemployed,Owned,Yes,No
42,67057,459,5138,12 months,Employed,Rented,No,Yes
41,26150,822,5358,48 months,Self-Employed,Rented,No,Yes
30,24425,376,14714,36 months,Unemployed,Mortgage,No,Yes
24,143654,808,24840,12 months,Employed,Mortgage,Yes,No
53,36032,740,39395,24 months,Unemployed,Mortgage,No,Yes
62,22198,553,35654,48 months,Self-Employed,Rented,No,Yes
37,80500,619,30879,12 months,Employed,Rented,No,Yes
18,73394,562,20996,12 months,Employed,Owned,No,Yes
25,40079,673,42772,24 months,Employed,Rented,Yes,No
63,56220,466,31762,24 months,Self-Employed,Owned,No,No
33,61874,758,18283,48 months,Unemployed,Mortgage,No,No
31,33859,579,44420,48 months,Employed,Mortgage,Yes,No
29,70460,601,24554,24 months,Unemployed,Rented,Yes,Yes
40,51419,830,25219,48 months,Unemployed,Mortgage,No,No
32,138865,517,39919,24 months,Self-Employed,Mortgage,Yes,Yes
45,28705,401,14429,12 months,Employed,Rented,No,No
51,62880,587,49695,24 months,Unemployed,Owned,Yes,No
19,149838,466,44673,24 months,Employed,Rented,Yes,No
49,43236,335,24218,36 months,Employed,Owned,No,Yes
40,107955,652,17452,24 months,Self-Employed,Rented,Yes,No
39,105514,372,23951,24 months,Employed,Rented,No,No
42,123145,652,6307,36 months,Employed,Mortgage,Yes,No
39,35358,369,19852,48 months,Unemployed,Rented,No,Yes
39,119713,724,30232,36 months,Self-Employed,Rented,Yes,No
59,114914,816,40428,12 months,Employed,Owned,Yes,No
23,122870,727,48171,36 months,Unemployed,Mortgage,Yes,Yes
32,96918,838,31485,12 months,Self-Employed,Owned,Yes,Yes
60,139179,459,15238,48 months,Self-Employed,Owned,Yes,No
54,136243,448,43975,36 months,Unemployed,Mortgage,No,No
50,34596,529,6140,36 months,Unemployed,Mortgage,Yes,No
25,53572,366,29842,48 months,Unemployed,Mortgage,No,Yes
61,98757,680,31421,12 months,Unemployed,Rented,No,Yes
61,21279,357,6708,36 months,Unemployed,Mortgage,No,Yes
22,83197,558,8630,12 months,Employed,Mortgage,Yes,No
56,131496,641,24595,36 months,Employed,Mortgage,No,Yes
21,82516,429,15485,24 months,Self-Employed,Owned,Yes,No
23,27083,471,33308,36 months,Employed,Owned,No,Yes
62,140674,508,49789,48 months,Employed,Rented,No,Yes
49,140307,653,31086,48 months,Employed,Owned,No,Yes
47,146457,770,21859,12 months,Unemployed,Rented,No,No
64,129397,415,12684,36 months,Self-Employed,Owned,No,No
52,37771,563,30552,12 months,Self-Employed,Mortgage,Yes,No
57,49975,741,6207,12 months,Self-Employed,Owned,No,No
33,65648,847,6960,24 months,Self-Employed,Rented,No,Yes
30,145641,752,5557,24 months,Employed,Owned,Yes,No
59,68285,776,34689,48 months,Employed,Mortgage,Yes,Yes
47,39063,586,18893,12 months,Unemployed,Rented,Yes,No
36,87642,602,37272,48 months,Self-Employed,Mortgage,No,No
34,110093,610,5882,36 months,Employed,Mortgage,No,Yes
36,134390,507,42529,12 months,Employed,Rented,No,Yes
45,106143,745,43635,12 months,Unemployed,Mortgage,No,No
43,57599,354,34535,36 months,Unemployed,Mortgage,No,No
54,71920,311,17869,36 months,Unemployed,Owned,No,Yes
43,48529,699,12166,48 months,Employed,Mortgage,Yes,Yes
40,55954,814,17982,48 months,Employed,Mortgage,Yes,Yes
26,47856,841,45697,36 months,Unemployed,Mortgage,No,Yes
29,22573,536,43115,48 months,Self-Employed,Mortgage,No,Yes
18,98344,578,12269,36 months,Unemployed,Rented,No,No
18,55367,647,33064,12 months,Unemployed,Owned,No,No
64,122337,403,18527,12 months,Unemployed,Mortgage,No,No
51,126732,816,7454,24 months,Unemployed,Mortgage,Yes,No
49,119608,547,25878,12 months,Employed,Rented,Yes,Yes
42,80774,663,17991,36 months,Self-Employed,Mortgage,No,Yes
57,43752,620,7808,48 months,Unemployed,Rented,Yes,Yes
62,75029,585,44410,24 months,Self-Employed,Owned,No,No
18,37685,448,41593,48 months,Self-Employed,Owned,No,Yes
33,71693,383,41304,36 months,Self-Employed,Mortgage,No,Yes
56,136739,705,35386,12 months,Unemployed,Mortgage,Yes,No
22,75961,755,8802,24 months,Employed,Mortgage,Yes,No
39,126937,460,33753,36 months,Unemployed,Rented,No,No
46,144956,759,26083,24 months,Self-Employed,Mortgage,Yes,Yes
20,96908,849,23354,24 months,Self-Employed,Mortgage,Yes,Yes
29,145537,799,27190,12 months,Employed,Owned,No,No
43,146678,808,11142,36 months,Unemployed,Mortgage,Yes,No
33,94532,780,33398,48 months,Self-Employed,Owned,Yes,Yes
54,101994,413,46862,24 months,Employed,Mortgage,No,No
39,76133,660,38132,24 months,Self-Employed,Owned,No,Yes
46,117425,640,24503,48 months,Employed,Mortgage,Yes,No
31,145055,748,39631,36 months,Employed,Owned,No,No
45,81268,479,21499,24 months,Unemployed,Rented,Yes,No
22,112201,706,44852,24 months,Self-Employed,Owned,No,Yes
64,58243,495,13016,24 months,Unemployed,Owned,No,Yes
47,77384,765,7384,36 months,Self-Employed,Owned,No,No
63,51653,610,20072,36 months,Unemployed,Mortgage,No,Yes
22,46657,561,41703,48 months,Self-Employed,Mortgage,Yes,No
29,59952,718,19482,36 months,Unemployed,Mortgage,No,No
33,42180,705,45510,36 months,Employed,Rented,No,Yes
43,117432,442,26826,12 months,Self-Employed,Rented,No,Yes
43,141829,641,7490,48 months,Self-Employed,Owned,Yes,Yes
38,148377,615,30518,24 months,Employed,Rented,Yes,Yes
56,98411,400,29045,36 months,Unemployed,Owned,No,No
53,21622,543,31910,24 months,Self-Employed,Owned,No,Yes
50,68756,789,29566,24 months,Self-Employed,Owned,No,Yes
47,60809,311,38905,12 months,Unemployed,Rented,No,No
54,36725,538,32103,36 months,Employed,Mortgage,No,No
40,81396,341,41188,48 months,Unemployed,Rented,No,No
27,71226,728,10845,36 months,Unemployed,Owned,Yes,No
22,126296,457,26162,24 months,Unemployed,Owned,No,Yes
53,101182,515,41674,48 months,Self-Employed,Rented,No,Yes
51,102565,761,24337,36 months,Employed,Owned,No,No
48,49402,433,27313,24 months,Employed,Owned,No,No
27,24263,366,31943,24 months,Unemployed,Rented,No,Yes
36,143489,306,17413,12 months,Self-Employed,Rented,No,Yes
49,116523,825,5276,12 months,Unemployed,Rented,Yes,Yes
18,66828,372,22611,12 months,Self-Employed,Owned,Yes,Yes
22,140824,698,44105,24 months,Self-Employed,Owned,Yes,Yes
62,67924,704,16944,36 months,Self-Employed,Mortgage,Yes,No
21,94182,429,20906,12 months,Self-Employed,Mortgage,Yes,No
33,113065,765,25536,36 months,Employed,Rented,Yes,No
41,79052,505,32810,12 months,Self-Employed,Mortgage,No,No
33,31664,565,17306,48 months,Self-Employed,Owned,No,Yes
19,55737,836,15503,48 months,Unemployed,Mortgage,No,No
45,121332,552,24225,12 months,Unemployed,Owned,No,Yes
49,109563,588,41976,24 months,Employed,Rented,No,Yes
44,49373,463,16590,12 months,Unemployed,Rented,No,Yes
37,137369,394,15886,12 months,Self-Employed,Owned,Yes,Yes
41,56397,409,17866,24 months,Unemployed,Mortgage,No,Yes
29,148575,635,6088,48 months,Employed,Rented,Yes,Yes
52,106145,537,8363,36 months,Unemployed,Rented,Yes,Yes
50,121371,680,37792,12 months,Unemployed,Mortgage,No,No
50,58709,735,14764,24 months,Employed,Mortgage,No,Yes
60,136074,782,25620,12 months,Employed,Owned,No,No
54,81120,324,47727,24 months,Self-Employed,Mortgage,No,No
29,39250,416,17935,36 months,Unemployed,Mortgage,No,Yes
20,41172,781,13068,36 months,Self-Employed,Mortgage,No,Yes
18,31555,691,12295,48 months,Unemployed,Owned,No,No
50,107410,836,46160,24 months,Unemployed,Owned,Yes,No
57,98617,378,16390,24 months,Self-Employed,Rented,No,No
27,73276,472,46216,48 months,Unemployed,Owned,No,No
60,77492,311,25131,48 months,Unemployed,Rented,Yes,Yes
61,73002,427,34218,24 months,Unemployed,Mortgage,No,Yes
46,140103,391,15433,48 months,Employed,Rented,No,Yes
30,144938,842,20038,36 months,Self-Employed,Rented,Yes,No
29,109599,831,33182,12 months,Employed,Mortgage,No,Yes
48,92355,746,16528,36 months,Self-Employed,Rented,No,No
63,111248,689,26281,48 months,Self-Employed,Owned,No,Yes
19,44762,342,13605,24 months,Unemployed,Owned,No,No
52,31046,553,39782,24 months,Self-Employed,Owned,No,Yes
40,116999,429,6381,36 months,Employed,Owned,No,Yes
34,144130,359,6098,24 months,Employed,Rented,Yes,No
43,136021,766,24810,48 months,Employed,Rented,No,No
25,48769,586,29322,36 months,Self-Employed,Mortgage,No,No
46,73302,816,46869,24 months,Employed,Rented,Yes,No
43,43150,766,37955,12 months,Self-Employed,Rented,Yes,No
27,88247,644,49716,12 months,Employed,Rented,No,Yes
43,24853,681,15207,48 months,Employed,Mortgage,Yes,No
51,114613,552,26793,24 months,Self-Employed,Owned,No,Yes
58,140900,355,7092,48 months,Employed,Rented,No,Yes
24,109399,762,33220,36 months,Unemployed,Mortgage,Yes,Yes
21,41792,756,23514,12 months,Self-Employed,Mortgage,No,Yes
62,79129,382,43010,36 months,Self-Employed,Mortgage,No,Yes
28,126019,398,13549,24 months,Self-Employed,Owned,Yes,No
46,94478,448,27031,48 months,Unemployed,Rented,Yes,No
53,133811,628,10185,48 months,Self-Employed,Mortgage,Yes,Yes
42,134130,455,20271,48 months,Employed,Owned,Yes,Yes
38,87298,489,10776,36 months,Employed,Mortgage,No,No
53,51987,793,17449,12 months,Employed,Mortgage,Yes,No
27,35850,562,29297,36 months,Self-Employed,Mortgage,Yes,Yes
54,32112,379,45591,36 months,Employed,Mortgage,Yes,No
26,141789,699,20717,24 months,Self-Employed,Mortgage,Yes,No
41,44058,559,45123,24 months,Employed,Owned,Yes,No
52,65420,400,44233,24 months,Unemployed,Rented,No,Yes
52,58890,658,15350,12 months,Unemployed,Rented,Yes,No
53,86017,679,35622,12 months,Unemployed,Rented,No,Yes
35,67304,520,40323,24 months,Unemployed,Rented,Yes,Yes
56,52921,719,7951,24 months,Self-Employed,Owned,Yes,Yes
49,125921,423,22622,12 months,Employed,Owned,Yes,Yes
41,21524,721,9727,48 months,Unemployed,Owned,Yes,Yes
40,120424,530,43454,12 months,Self-Employed,Mortgage,Yes,No
49,35048,362,41469,12 months,Unemployed,Mortgage,Yes,Yes
54,55111,784,40548,12 months,Unemployed,Mortgage,Yes,Yes
29,57904,782,28782,24 months,Self-Employed,Rented,Yes,Yes
30,74912,818,33454,48 months,Self-Employed,Mortgage,No,No
40,54008,454,7368,12 months,Employed,Rented,Yes,No
42,20060,391,20592,24 months,Employed,Mortgage,No,No
52,94666,825,27173,36 months,Unemployed,Rented,Yes,No
58,103559,754,38204,36 months,Unemployed,Mortgage,No,No
47,75337,809,40596,12 months,Employed,Mortgage,Yes,No
34,130616,482,39324,36 months,Employed,Owned,Yes,No
37,33350,685,28864,48 months,Self-Employed,Mortgage,Yes,Yes
42,44354,704,35750,36 months,Employed,Mortgage,No,Yes
39,65186,545,15576,36 months,Employed,Owned,No,No
30,48145,770,21566,48 months,Unemployed,Rented,No,Yes
36,54020,722,12190,12 months,Employed,Owned,No,Yes
53,106123,364,28071,12 months,Unemployed,Owned,Yes,No
29,126667,312,43333,48 months,Employed,Rented,Yes,Yes
58,95186,512,20369,48 months,Self-Employed,Mortgage,Yes,Yes
36,105469,541,29035,48 months,Employed,Rented,No,No
29,40581,792,6589,36 months,Employed,Mortgage,Yes,Yes
26,108929,512,30235,48 months,Employed,Mortgage,No,No
24,43051,637,5159,24 months,Unemployed,Rented,No,No
45,71474,472,17145,36 months,Self-Employed,Owned,No,Yes
31,111748,463,20373,12 months,Employed,Rented,No,Yes
48,145995,764,36921,12 months,Unemployed,Mortgage,No,Yes
36,134618,796,44323,12 months,Self-Employed,Rented,Yes,No
64,89626,694,21237,36 months,Unemployed,Rented,No,No
33,26960,607,46971,24 months,Unemployed,Mortgage,No,No
22,55772,482,13244,48 months,Self-Employed,Owned,Yes,Yes
52,41520,809,19743,48 months,Employed,Rented,No,Yes
29,69481,845,36566,12 months,Unemployed,Mortgage,No,No
42,56408,526,23691,12 months,Unemployed,Mortgage,Yes,Yes
38,114006,735,38996,36 months,Employed,Rented,Yes,Yes
53,148496,721,10590,24 months,Employed,Owned,Yes,No
40,77134,320,10585,48 months,Self-Employed,Rented,No,No
33,40491,696,14227,36 months,Self-Employed,Owned,Yes,Yes
56,21341,404,33278,48 months,Self-Employed,Owned,Yes,No
62,64623,491,43814,12 months,Employed,Owned,Yes,Yes
59,110327,316,17237,48 months,Unemployed,Owned,No,No
56,20338,419,20649,24 months,Unemployed,Rented,Yes,No
31,91431,692,42713,24 months,Self-Employed,Mortgage,No,No
48,32254,724,12927,12 months,Employed,Mortgage,No,Yes
22,71860,428,12016,24 months,Unemployed,Mortgage,Yes,Yes
52,31344,429,19027,24 months,Self-Employed,Mortgage,No,No
40,21750,328,29142,36 months,Unemployed,Mortgage,No,No
46,74756,396,28545,48 months,Unemployed,Mortgage,Yes,No
60,87957,309,36897,12 months,Employed,Rented,No,Yes
28,125423,541,8167,12 months,Employed,Owned,Yes,No
35,78053,531,49757,12 months,Unemployed,Mortgage,No,No
64,90855,583,31917,12 months,Self-Employed,Rented,No,No
29,35896,499,27736,12 months,Employed,Mortgage,Yes,No
26,75761,378,32990,24 months,Unemployed,Mortgage,Yes,Yes
27,82552,472,19087,36 months,Employed,Owned,No,Yes
61,140075,766,27440,12 months,Employed,Owned,No,No
34,97454,715,40205,36 months,Employed,Owned,Yes,Yes
55,146522,748,20275,36 months,Unemployed,Mortgage,No,Yes
24,138681,386,10276,24 months,Self-Employed,Mortgage,No,Yes
63,110600,400,46627,12 months,Self-Employed,Mortgage,No,No
30,142732,307,45586,24 months,Self-Employed,Owned,No,Yes
57,132153,499,42496,12 months,Employed,Rented,Yes,Yes
59,142926,804,24008,24 months,Unemployed,Mortgage,Yes,Yes
26,47935,386,10738,36 months,Employed,Mortgage,Yes,No
44,57641,342,37402,12 months,Self-Employed,Mortgage,Yes,No
19,49711,684,10793,48 months,Self-Employed,Rented,Yes,Yes
22,90342,734,42291,36 months,Unemployed,Mortgage,Yes,Yes
46,126896,707,10571,48 months,Employed,Rented,No,No
54,32182,782,36331,36 months,Self-Employed,Mortgage,Yes,No
55,107833,316,21209,24 months,Unemployed,Rented,No,Yes
36,76276,447,30394,12 months,Employed,Mortgage,No,Yes
25,39541,576,48148,36 months,Employed,Owned,No,No
62,114457,531,30682,24 months,Self-Employed,Owned,Yes,No
18,102310,665,7224,12 months,Self-Employed,Owned,No,Yes
39,64813,527,46157,12 months,Employed,Owned,Yes,No
34,57198,735,49452,36 months,Employed,Mortgage,No,Yes
24,28820,698,48408,12 months,Self-Employed,Owned,No,Yes
42,44070,510,37441,36 months,Employed,Rented,Yes,Yes
62,89768,690,46430,12 months,Self-Employed,Owned,No,No
21,31122,798,44129,48 months,Employed,Owned,No,Yes
53,100559,839,39716,24 months,Self-Employed,Owned,No,Yes
23,93543,790,49859,48 months,Unemployed,Mortgage,No,No
48,103441,741,31586,36 months,Self-Employed,Owned,Yes,No
36,61786,560,49760,48 months,Self-Employed,Rented,No,Yes
61,114934,649,28478,36 months,Unemployed,Owned,No,Yes
56,119804,651,11318,12 months,Employed,Owned,Yes,No
44,26737,819,33694,12 months,Unemployed,Owned,No,No
27,56062,619,25180,36 months,Self-Employed,Rented,No,No
43,74237,437,17180,48 months,Employed,Owned,No,Yes
36,71571,849,38002,12 months,Unemployed,Rented,No,Yes
56,45510,667,20372,24 months,Employed,Rented,Yes,Yes
20,39426,519,34796,12 months,Employed,Owned,No,No
62,57265,636,29427,24 months,Unemployed,Rented,Yes,Yes
30,37850,522,38290,48 months,Employed,Mortgage,No,No
45,138249,659,33099,24 months,Unemployed,Owned,No,Yes
37,86150,628,14821,24 months,Self-Employed,Owned,No,No
45,107312,762,10832,24 months,Employed,Rented,Yes,Yes
25,109613,681,17820,24 months,Self-Employed,Rented,No,Yes
58,94910,468,21211,12 months,Self-Employed,Owned,No,No
56,72375,516,44890,24 months,Employed,Mortgage,Yes,No
18,141826,677,10842,12 months,Unemployed,Rented,Yes,Yes
20,55435,418,6316,24 months,Employed,Rented,Yes,No
30,116443,489,22508,36 months,Self-Employed,Mortgage,Yes,No
45,77132,669,27005,48 months,Self-Employed,Mortgage,No,Yes
42,98945,448,20206,24 months,Unemployed,Owned,No,No
50,102050,787,23971,36 months,Employed,Mortgage,No,Yes
55,149828,673,30599,24 months,Self-Employed,Owned,No,Yes
23,115402,459,27056,24 months,Self-Employed,Mortgage,Yes,No
61,22983,650,6378,24 months,Self-Employed,Rented,No,No
62,117241,587,6519,36 months,Unemployed,Owned,No,Yes
49,40662,587,27161,48 months,Self-Employed,Owned,No,Yes
62,43510,525,45703,36 months,Self-Employed,Owned,No,Yes
64,98187,822,43861,48 months,Employed,Mortgage,Yes,Yes
38,60998,821,10355,24 months,Employed,Rented,No,Yes
33,76846,572,14083,12 months,Self-Employed,Owned,No,Yes
38,114071,701,43342,24 months,Self-Employed,Owned,No,No
28,26640,482,25456,48 months,Employed,Owned,Yes,No
54,64547,787,18324,36 months,Unemployed,Owned,Yes,No
53,74620,423,7257,24 months,Unemployed,Rented,No,Yes
52,35317,713,32364,36 months,Unemployed,Mortgage,No,No
36,135608,471,29972,36 months,Unemployed,Rented,No,Yes
37,27564,587,31654,36 months,Unemployed,Owned,Yes,Yes
35,47345,734,20233,24 months,Unemployed,Rented,No,No
64,133824,412,20887,36 months,Unemployed,Owned,No,Yes
58,114223,421,34320,36 months,Unemployed,Mortgage,No,Yes
31,143372,843,25808,24 months,Employed,Mortgage,Yes,Yes
32,99273,521,35154,36 months,Unemployed,Mortgage,No,Yes
48,94859,338,39773,24 months,Unemployed,Owned,No,Yes
18,100765,796,32747,48 months,Unemployed,Rented,Yes,Yes
20,130017,532,15860,48 months,Self-Employed,Mortgage,Yes,No
33,94038,829,47838,48 months,Employed,Owned,No,Yes
40,143618,448,47156,36 months,Employed,Owned,Yes,Yes
28,72393,696,23156,12 months,Employed,Rented,No,Yes
29,86081,601,25360,12 months,Unemployed,Mortgage,Yes,Yes
27,145341,659,23135,36 months,Unemployed,Owned,Yes,No
49,122650,537,30351,12 months,Self-Employed,Rented,No,No
33,49430,535,35499,24 months,Employed,Mortgage,No,Yes
25,95532,502,28554,12 months,Unemployed,Rented,No,Yes
55,47788,555,24604,36 months,Employed,Rented,Yes,Yes
29,115505,534,21923,36 months,Self-Employed,Owned,No,No
41,68543,644,13547,24 months,Self-Employed,Owned,No,No
45,33919,833,49283,48 months,Self-Employed,Owned,No,No
25,89346,765,38002,36 months,Employed,Rented,No,No
45,116122,840,19562,24 months,Unemployed,Owned,No,Yes
53,59974,512,12480,12 months,Unemployed,Rented,Yes,No
43,127309,762,31672,12 months,Self-Employed,Rented,No,No
25,36371,735,9213,24 months,Unemployed,Owned,No,Yes
45,65084,582,15293,24 months,Self-Employed,Mortgage,Yes,Yes
45,49629,762,39441,36 months,Employed,Mortgage,No,No
54,71184,706,7100,12 months,Self-Employed,Mortgage,No,No
58,81916,387,49617,24 months,Employed,Rented,No,No
53,147293,343,33172,12 months,Self-Employed,Rented,No,No
44,93972,760,25132,24 months,Unemployed,Rented,No,Yes
34,82187,577,23199,12 months,Unemployed,Owned,Yes,Yes
26,32984,720,41609,48 months,Self-Employed,Rented,Yes,No
50,53039,652,47965,36 months,Unemployed,Owned,Yes,No
37,105431,814,13016,12 months,Unemployed,Owned,No,No
30,103691,318,44779,48 months,Unemployed,Mortgage,Yes,No
45,78606,322,42261,12 months,Employed,Mortgage,No,No
46,30616,712,36881,12 months,Unemployed,Mortgage,No,Yes
30,122665,329,22058,48 months,Employed,Owned,No,Yes
63,125373,407,29472,12 months,Self-Employed,Owned,Yes,Yes
52,70072,666,46346,12 months,Unemployed,Owned,Yes,No
23,44574,580,39926,36 months,Unemployed,Rented,Yes,No
35,23430,427,39832,48 months,Unemployed,Owned,No,Yes
22,139123,528,41021,48 months,Self-Employed,Mortgage,Yes,Yes
64,32676,410,29087,24 months,Employed,Mortgage,No,No
42,30816,435,17828,12 months,Employed,Owned,Yes,Yes
19,52733,661,36128,36 months,Unemployed,Owned,Yes,No
27,105680,485,6401,12 months,Self-Employed,Mortgage,No,No
47,22050,428,24643,12 months,Self-Employed,Owned,No,Yes
62,129996,560,20193,24 months,Self-Employed,Mortgage,Yes,Yes
22,53933,814,31853,12 months,Self-Employed,Rented,Yes,Yes
50,44951,748,49864,36 months,Self-Employed,Mortgage,Yes,No
18,52413,403,25307,36 months,Employed,Rented,No,No
35,54801,782,41982,24 months,Employed,Owned,No,Yes
49,75619,523,24611,12 months,Employed,Owned,Yes,No
64,52913,790,48791,36 months,Unemployed,Rented,Yes,No
28,132573,772,16950,12 months,Self-Employed,Owned,No,No
38,139076,309,15704,12 months,Unemployed,Rented,Yes,Yes
43,60600,704,48111,12 months,Self-Employed,Owned,No,No
42,77775,601,16867,24 months,Employed,Mortgage,No,Yes
39,110816,530,7745,12 months,Unemployed,Owned,No,Yes
44,149972,365,8866,36 months,Employed,Mortgage,No,No
30,110093,411,37245,12 months,Self-Employed,Mortgage,No,Yes
50,132590,312,49724,36 months,Self-Employed,Rented,No,No
51,55400,692,10818,12 months,Self-Employed,Owned,Yes,Yes
58,24494,799,35116,36 months,Employed,Rented,No,Yes
52,100688,533,20493,36 months,Self-Employed,Owned,No,No
18,142744,613,33038,12 months,Employed,Mortgage,Yes,Yes
38,109431,311,25447,12 months,Unemployed,Mortgage,No,Yes
23,94691,508,35431,36 months,Self-Employed,Owned,Yes,Yes
45,117419,313,22908,48 months,Self-Employed,Owned,No,No
34,128730,717,34336,24 months,Self-Employed,Rented,Yes,No
22,63001,736,45992,48 months,Unemployed,Owned,Yes,Yes
48,87364,676,9025,48 months,Self-Employed,Owned,No,Yes
22,144988,319,25093,12 months,Employed,Owned,No,Yes
55,65028,369,11155,24 months,Employed,Rented,No,No
20,127434,510,38487,48 months,Self-Employed,Owned,No,No
40,117659,400,25963,12 months,Self-Employed,Mortgage,Yes,Yes
54,57573,431,25936,48 months,Unemployed,Rented,Yes,No
54,20806,680,9426,48 months,Unemployed,Rented,Yes,No
27,144343,431,28303,12 months,Unemployed,Mortgage,No,No
27,76638,319,32606,12 months,Self-Employed,Mortgage,Yes,No
36,148301,835,33151,12 months,Unemployed,Mortgage,No,Yes
34,146295,526,18767,24 months,Unemployed,Owned,No,No
38,126506,453,16308,48 months,Employed,Mortgage,Yes,No
31,49757,768,49245,12 months,Unemployed,Owned,No,Yes
26,54636,704,29770,36 months,Employed,Rented,Yes,Yes
63,100097,501,33572,48 months,Employed,Rented,No,No
18,68280,337,46448,36 months,Unemployed,Mortgage,Yes,No
62,44262,487,7204,24 months,Employed,Owned,No,Yes
30,100435,356,32233,12 months,Self-Employed,Mortgage,Yes,Yes
21,82211,319,26729,36 months,Self-Employed,Mortgage,Yes,Yes
18,74842,572,36131,24 months,Unemployed,Owned,No,No
57,148583,418,38870,12 months,Self-Employed,Mortgage,No,No
49,76979,815,43011,36 months,Employed,Rented,Yes,Yes
51,134524,520,44382,36 months,Self-Employed,Mortgage,No,No
45,101470,825,46475,24 months,Unemployed,Owned,No,Yes
48,58197,814,26607,12 months,Unemployed,Owned,No,No
25,61844,635,29968,12 months,Employed,Rented,Yes,Yes
56,84754,354,38398,36 months,Unemployed,Owned,Yes,Yes
43,121868,799,16908,36 months,Self-Employed,Owned,No,No
51,54157,835,31423,36 months,Unemployed,Rented,No,No
20,97129,461,48615,12 months,Employed,Mortgage,Yes,No
29,60042,458,14171,24 months,Unemployed,Rented,No,No
18,81665,487,17721,24 months,Self-Employed,Mortgage,Yes,No
61,135512,359,21616,12 months,Employed,Rented,No,No
22,136953,618,47512,48 months,Self-Employed,Mortgage,No,Yes
47,102856,510,43458,24 months,Employed,Rented,No,No
47,47376,705,12659,36 months,Unemployed,Mortgage,Yes,Yes
34,129049,408,48369,48 months,Employed,Rented,Yes,Yes
64,75554,375,16704,48 months,Employed,Mortgage,Yes,No
40,34199,841,37793,24 months,Unemployed,Rented,Yes,Yes
32,138533,613,36226,48 months,Self-Employed,Owned,No,Yes
54,101412,416,28852,48 months,Unemployed,Mortgage,No,No
38,70948,318,37082,24 months,Employed,Rented,Yes,No
31,93781,731,27794,24 months,Unemployed,Mortgage,No,No
19,92750,649,46420,48 months,Employed,Mortgage,No,Yes
28,86262,482,18379,36 months,Unemployed,Rented,Yes,No
56,137424,412,12006,12 months,Unemployed,Mortgage,No,No
55,66600,482,13682,48 months,Self-Employed,Rented,No,No
51,96898,780,38840,48 months,Employed,Owned,Yes,No
55,82483,445,37430,36 months,Self-Employed,Mortgage,No,Yes
51,38297,412,28091,48 months,Employed,Owned,No,No
35,50448,775,37983,48 months,Unemployed,Mortgage,No,Yes
47,46172,602,28989,12 months,Employed,Mortgage,Yes,No
32,62874,417,14915,12 months,Self-Employed,Mortgage,Yes,Yes
44,27657,460,47552,12 months,Self-Employed,Rented,No,Yes
51,104386,700,23990,24 months,Self-Employed,Owned,No,Yes
55,145617,497,29734,24 months,Employed,Mortgage,No,No
50,45425,559,19824,12 months,Self-Employed,Rented,Yes,Yes
41,46685,346,41081,12 months,Self-Employed,Mortgage,Yes,No
32,142000,698,16033,24 months,Self-Employed,Rented,Yes,No
47,132855,377,47736,36 months,Unemployed,Mortgage,No,No
59,44578,423,21241,48 months,Unemployed,Owned,No,No
34,48831,374,10939,48 months,Employed,Owned,No,No
22,27906,436,40063,12 months,Employed,Mortgage,No,Yes
46,81413,699,39464,36 months,Self-Employed,Rented,No,No
21,74028,804,16185,24 months,Unemployed,Mortgage,Yes,Yes
27,27287,799,32045,12 months,Self-Employed,Rented,No,Yes
34,53660,437,49769,36 months,Self-Employed,Mortgage,No,Yes
27,95758,349,24167,36 months,Unemployed,Rented,No,Yes
34,80504,553,41412,36 months,Unemployed,Owned,Yes,Yes
37,79720,725,26625,24 months,Unemployed,Mortgage,No,Yes
41,122979,846,44188,24 months,Employed,Owned,Yes,Yes
22,54701,601,32076,48 months,Employed,Owned,Yes,No
51,103300,648,49605,48 months,Self-Employed,Mortgage,Yes,Yes
23,130177,348,24029,36 months,Employed,Mortgage,Yes,No
19,37674,373,27973,36 months,Unemployed,Rented,Yes,Yes
30,103560,560,44121,24 months,Unemployed,Rented,No,Yes
60,131543,655,36433,48 months,Employed,Owned,No,Yes
60,43874,559,48309,36 months,Self-Employed,Rented,Yes,Yes
28,63642,594,6932,48 months,Self-Employed,Rented,Yes,No
64,143867,612,49254,48 months,Employed,Mortgage,Yes,No
40,117820,481,6757,36 months,Self-Employed,Rented,No,No
33,85160,663,35722,24 months,Self-Employed,Owned,No,Yes
48,37602,487,42853,36 months,Self-Employed,Rented,Yes,Yes
28,123320,842,43405,36 months,Unemployed,Owned,No,Yes
33,108801,847,6116,48 months,Unemployed,Mortgage,No,No
25,45931,707,48527,36 months,Employed,Owned,Yes,Yes
21,114377,713,16691,24 months,Unemployed,Rented,Yes,No
57,49192,641,5492,36 months,Self-Employed,Mortgage,No,No
21,66542,519,32882,24 months,Unemployed,Rented,No,Yes
42,147015,462,13811,24 months,Employed,Mortgage,No,Yes
20,62520,519,32808,48 months,Unemployed,Mortgage,Yes,No
49,84772,569,29272,12 months,Self-Employed,Rented,Yes,No
20,78762,699,33399,12 months,Self-Employed,Rented,Yes,No
44,70106,481,11474,48 months,Employed,Mortgage,No,Yes
46,101121,504,31956,36 months,Unemployed,Mortgage,No,Yes
49,45559,527,47506,48 months,Unemployed,Rented,Yes,Yes
36,125595,549,18979,24 months,Unemployed,Owned,No,Yes
38,53742,740,49523,12 months,Self-Employed,Rented,Yes,Yes
22,89669,832,47565,48 months,Employed,Mortgage,No,Yes
35,100199,495,33328,36 months,Unemployed,Rented,Yes,No
45,41754,818,17867,48 months,Self-Employed,Owned,No,No
59,23972,369,30851,12 months,Self-Employed,Rented,No,No
39,90831,698,36279,48 months,Self-Employed,Mortgage,Yes,Yes
38,132217,502,35527,48 months,Unemployed,Rented,Yes,No
23,61873,447,12866,12 months,Unemployed,Mortgage,Yes,Yes
18,114661,771,20449,24 months,Unemployed,Mortgage,Yes,Yes
22,126532,498,15685,24 months,Unemployed,Rented,Yes,No
58,146267,725,28544,12 months,Unemployed,Mortgage,No,Yes
29,29903,791,10451,48 months,Unemployed,Mortgage,Yes,No
43,23020,441,26642,12 months,Unemployed,Owned,Yes,No
63,61755,612,46316,24 months,Unemployed,Owned,Yes,Yes
51,105956,464,44954,36 months,Unemployed,Owned,Yes,No
31,106988,613,43870,48 months,Self-Employed,Owned,Yes,No
43,65648,320,36030,24 months,Unemployed,Mortgage,No,No
62,123537,381,35873,48 months,Employed,Rented,Yes,No
44,145991,430,5619,12 months,Self-Employed,Mortgage,Yes,Yes
26,29516,604,38650,36 months,Unemployed,Mortgage,Yes,No
43,132863,670,30372,12 months,Employed,Mortgage,No,No
64,135005,683,8642,36 months,Unemployed,Rented,No,No
39,22396,744,33001,48 months,Employed,Owned,Yes,Yes
64,104082,724,39064,48 months,Employed,Mortgage,Yes,No
47,39129,460,34290,12 months,Employed,Mortgage,No,Yes
60,148322,477,19122,36 months,Employed,Owned,No,No
34,21591,789,29820,36 months,Self-Employed,Mortgage,No,No
43,31303,626,7895,48 months,Self-Employed,Rented,Yes,No
53,50561,588,10366,12 months,Employed,Mortgage,Yes,Yes
18,91719,653,13711,36 months,Unemployed,Mortgage,No,Yes
25,138618,327,24596,48 months,Employed,Owned,Yes,Yes
52,112108,342,23793,24 months,Self-Employed,Mortgage,No,Yes
32,148748,722,13199,12 months,Unemployed,Mortgage,No,Yes
64,119616,476,15717,24 months,Self-Employed,Rented,No,Yes
39,144165,828,41191,12 months,Self-Employed,Owned,Yes,No
31,106231,793,15211,48 months,Unemployed,Owned,No,Yes
43,27314,497,28360,36 months,Employed,Rented,No,No
45,137071,816,26542,36 months,Employed,Mortgage,Yes,Yes
40,39623,813,36312,36 months,Employed,Owned,No,Yes
31,87675,321,41435,12 months,Employed,Owned,Yes,Yes
41,132992,411,33247,48 months,Unemployed,Mortgage,No,No
19,116826,356,27357,24 months,Unemployed,Mortgage,Yes,Yes
62,85082,365,46045,48 months,Unemployed,Owned,No,Yes
43,149839,397,32691,24 months,Self-Employed,Mortgage,No,No
31,103624,443,17424,12 months,Unemployed,Owned,No,No
24,125228,734,23852,12 months,Employed,Mortgage,No,No
20,53130,385,27601,24 months,Self-Employed,Mortgage,No,No
64,71756,643,23020,24 months,Employed,Rented,Yes,Yes
40,117624,593,13155,24 months,Employed,Mortgage,Yes,No
63,46292,542,8583,48 months,Unemployed,Rented,No,Yes
60,131785,331,20515,24 months,Unemployed,Mortgage,No,Yes
64,147331,690,41777,12 months,Employed,Owned,No,No
62,106206,576,24710,12 months,Employed,Owned,Yes,Yes
35,89274,831,48178,36 months,Self-Employed,Mortgage,Yes,No
55,22469,453,29532,24 months,Unemployed,Mortgage,No,Yes
52,73947,682,23601,48 months,Self-Employed,Owned,Yes,No
32,42534,367,9967,48 months,Self-Employed,Mortgage,No,No
42,83620,513,23753,48 months,Self-Employed,Rented,No,No
54,68874,675,25022,36 months,Employed,Rented,No,No
45,69708,512,48463,12 months,Self-Employed,Rented,Yes,No
27,94553,378,14135,48 months,Self-Employed,Rented,No,No
56,88344,680,10722,12 months,Employed,Rented,No,Yes
34,69138,357,32413,36 months,Unemployed,Mortgage,No,Yes
56,74302,325,32236,24 months,Unemployed,Mortgage,Yes,Yes
39,67638,746,20514,24 months,Self-Employed,Rented,Yes,No
43,98249,365,48896,24 months,Employed,Mortgage,Yes,Yes
61,125865,553,42212,48 months,Unemployed,Mortgage,No,No
42,22719,343,45386,24 months,Self-Employed,Rented,Yes,Yes
34,42890,396,25331,48 months,Self-Employed,Mortgage,No,Yes
30,97236,526,23060,36 months,Employed,Mortgage,Yes,No
37,56509,735,6196,36 months,Self-Employed,Mortgage,No,Yes
42,62534,678,17297,48 months,Unemployed,Rented,Yes,Yes
21,122302,477,7787,12 months,Employed,Mortgage,No,Yes
27,112241,726,28816,24 months,Unemployed,Owned,Yes,No
20,38787,606,45695,24 months,Unemployed,Owned,Yes,Yes
58,146209,803,24702,24 months,Unemployed,Rented,Yes,No
62,68845,567,30242,48 months,Self-Employed,Owned,No,Yes
35,77932,307,7176,36 months,Self-Employed,Rented,Yes,Yes
64,112124,807,25127,24 months,Unemployed,Owned,Yes,Yes
53,111659,775,46560,36 months,Unemployed,Owned,Yes,Yes
64,53062,596,32228,24 months,Employed,Owned,Yes,No
39,95713,463,25208,24 months,Employed,Rented,No,Yes
51,107263,784,33482,48 months,Self-Employed,Rented,Yes,No
64,115756,371,14171,12 months,Self-Employed,Mortgage,No,No
25,80461,537,40219,48 months,Employed,Rented,No,Yes
57,95418,403,38396,24 months,Unemployed,Owned,No,Yes
61,86672,509,47589,24 months,Self-Employed,Owned,No,No
36,148232,767,45546,12 months,Unemployed,Rented,Yes,No
59,54832,753,8696,36 months,Employed,Rented,No,Yes
58,147335,567,25058,36 months,Self-Employed,Rented,No,Yes
54,51966,685,25313,24 months,Self-Employed,Mortgage,No,Yes
23,92545,686,24149,36 months,Employed,Owned,No,Yes
43,32987,558,46075,24 months,Self-Employed,Mortgage,Yes,Yes
51,57311,582,9956,12 months,Employed,Mortgage,Yes,No
62,51575,339,15195,12 months,Self-Employed,Owned,No,Yes
23,83852,785,22076,24 months,Employed,Owned,No,Yes
54,147650,519,6105,12 months,Self-Employed,Rented,No,No
50,21007,428,20417,48 months,Unemployed,Rented,Yes,Yes
39,90981,819,29729,48 months,Unemployed,Mortgage,Yes,Yes
38,96242,559,35099,12 months,Unemployed,Rented,Yes,No
23,67517,665,37598,24 months,Self-Employed,Rented,Yes,Yes
23,130022,843,34961,24 months,Self-Employed,Owned,Yes,No
21,49257,823,17602,12 months,Unemployed,Owned,No,Yes
47,107272,315,14256,36 months,Unemployed,Rented,Yes,Yes
28,62207,428,25584,48 months,Employed,Owned,Yes,Yes
47,33281,408,39681,36 months,Employed,Rented,No,No
48,81246,832,30792,24 months,Employed,Owned,Yes,No
41,21435,568,26904,24 months,Unemployed,Owned,Yes,No
26,118875,461,48361,36 months,Unemployed,Owned,Yes,No
20,120686,559,39540,12 months,Unemployed,Owned,No,Yes
48,111357,401,31536,36 months,Employed,Rented,Yes,No
57,46660,805,24164,36 months,Self-Employed,Mortgage,No,No
54,25084,546,17996,48 months,Unemployed,Owned,No,No
53,102197,836,7871,48 months,Self-Employed,Rented,Yes,Yes
41,33507,430,27626,36 months,Self-Employed,Rented,Yes,Yes
48,92595,652,15521,36 months,Self-Employed,Owned,Yes,No
23,103807,495,48410,24 months,Employed,Mortgage,Yes,No
19,65539,681,6132,48 months,Self-Employed,Owned,No,Yes
37,135953,526,38467,48 months,Unemployed,Rented,Yes,No
45,27491,775,19534,24 months,Employed,Mortgage,No,No
28,147706,776,28854,12 months,Unemployed,Rented,No,No
21,132831,564,47998,48 months,Unemployed,Owned,No,No
32,70192,671,44065,48 months,Employed,Mortgage,No,Yes
23,100395,785,12812,12 months,Unemployed,Rented,No,Yes
47,143797,733,9557,48 months,Unemployed,Rented,Yes,Yes
55,83888,510,7179,48 months,Employed,Rented,No,No
19,93609,676,48798,12 months,Unemployed,Owned,No,No
32,29077,694,14065,12 months,Self-Employed,Mortgage,Yes,Yes
28,137440,749,13275,36 months,Unemployed,Owned,Yes,Yes
25,142901,663,40948,24 months,Self-Employed,Owned,No,Yes
43,40953,756,25700,24 months,Unemployed,Owned,No,No
62,96919,525,44464,12 months,Employed,Mortgage,Yes,Yes
61,134682,430,47351,12 months,Employed,Owned,No,No
22,141041,775,32794,48 months,Unemployed,Owned,Yes,No
23,87889,576,33783,36 months,Employed,Owned,Yes,Yes
43,43821,455,21998,36 months,Unemployed,Owned,No,Yes
21,57567,517,18869,12 months,Employed,Rented,Yes,No
36,135374,489,49525,48 months,Self-Employed,Owned,No,Yes
37,44860,716,33152,48 months,Unemployed,Rented,No,Yes
50,41195,845,25954,24 months,Self-Employed,Owned,No,No
37,97475,340,36555,24 months,Self-Employed,Mortgage,Yes,No
29,110874,606,21654,48 months,Unemployed,Rented,No,No
64,107266,637,40236,24 months,Self-Employed,Rented,Yes,No
18,41427,613,20042,12 months,Unemployed,Rented,No,No
43,120732,374,30966,48 months,Self-Employed,Rented,No,Yes
31,47083,578,49314,24 months,Unemployed,Mortgage,Yes,No
55,107046,475,19270,36 months,Unemployed,Owned,No,No
54,77372,572,35908,48 months,Employed,Rented,No,No
28,143786,588,20523,48 months,Unemployed,Mortgage,Yes,Yes
53,64064,571,24991,36 months,Unemployed,Rented,Yes,No
30,27813,365,15775,12 months,Self-Employed,Owned,Yes,No
60,51598,782,17265,36 months,Unemployed,Rented,No,No
20,132718,547,24459,48 months,Employed,Mortgage,Yes,Yes
50,146879,455,21673,12 months,Self-Employed,Owned,Yes,No
23,113106,346,32056,24 months,Self-Employed,Mortgage,No,No
27,47082,753,11614,24 months,Employed,Owned,Yes,No
22,49241,500,41020,24 months,Self-Employed,Owned,No,Yes
40,116214,423,12415,48 months,Self-Employed,Owned,No,Yes
27,64569,300,28155,36 months,Self-Employed,Rented,Yes,Yes
61,31745,490,48884,12 months,Self-Employed,Mortgage,No,Yes
19,46029,815,21964,24 months,Employed,Mortgage,Yes,No
